Date,Airline,Flight,From,To,Dep Terminal,Dep Gate,Arr Terminal,Arr Gate,Canceled,Diverted To,Gate Departure (Scheduled),Gate Departure (Actual),Take off (Scheduled),Take off (Actual),Landing (Scheduled),Landing (Actual),Gate Arrival (Scheduled),Gate Arrival (Actual),Aircraft Type Name,Tail Number,PNR,Seat,Seat Type,Cabin Class,Flight Reason,Notes,Flight Flighty ID,Airline Flighty ID,Departure Airport Flighty ID,Arrival Airport Flighty ID,Diverted To Airport Flighty ID,Aircraft Type Flighty ID
2016-07-24,BEL,3556,BOD,BRU,A,,Main,A48,false,,2016-07-24T14:40,2016-07-24T14:44,,,,,2016-07-24T16:10,2016-07-24T16:10,Airbus A319,,,,,,,,abaa70ac-5f92-4a2f-9d96-6103b900f518,b6e4e7b9-3c8f-4e8c-950f-cb5270fa19fe,28529683-cecf-4a1e-9558-2ded3abac59a,cedbcaaa-96c5-48e3-88f1-6f27c2fb09df,,fb8254ff-1d83-4fe1-a147-882c217dfcbe
2016-07-24,BEL,2829,BRU,BUD,Main,A56,2A,,false,,2016-07-24T20:55,2016-07-24T21:23,,,,,2016-07-24T22:45,2016-07-24T23:10,Airbus A319,,,,,,,,f868087e-5961-4f94-bbcf-60c26ccb5405,b6e4e7b9-3c8f-4e8c-950f-cb5270fa19fe,cedbcaaa-96c5-48e3-88f1-6f27c2fb09df,ecf6337c-c19c-4b75-a3f0-f627d629e6c0,,fb8254ff-1d83-4fe1-a147-882c217dfcbe
2016-08-16,EZY,1834,AMS,MAN,Main,,1,,false,,2016-08-16T17:40,2016-08-16T17:33,,,,,2016-08-16T18:05,2016-08-16T17:49,Airbus A320,,,,,,,,fb2a59ac-f73f-427f-80dd-a08df7efde3e,c39d5ea4-a02f-45f5-bbbb-d3ef73b04aff,f671c076-61b7-4572-8abb-359aaadaafd4,0f6792c2-c1b7-4356-9607-b64656099647,,dd390a1f-e92a-4411-ab72-04db16d42030
2016-09-01,RYR,9918,LPL,EGC,,,,,false,,2016-09-01T09:50,2016-09-01T09:49,,,,,2016-09-01T12:40,2016-09-01T12:27,Boeing 737-800,,,,,,,,39010a5c-7f7a-4915-8c3f-b97c0058eef6,89ad0292-b411-46f2-a3ad-27896d1be60b,dd852dbc-2416-4a61-a645-4d86c6b52583,7bf18362-3e31-41e3-99c5-888eb364ad48,,8ad8530e-acd0-42bf-abc5-1e70c4a076bf
2016-09-03,RYR,9919,EGC,LPL,,,,,false,,2016-09-03T17:05,2016-09-03T17:05,,,,,2016-09-03T17:55,2016-09-03T17:49,Boeing 737-800,,,,,,,,1e20a263-f664-4cf1-97cf-ae96393be2a4,89ad0292-b411-46f2-a3ad-27896d1be60b,7bf18362-3e31-41e3-99c5-888eb364ad48,dd852dbc-2416-4a61-a645-4d86c6b52583,,8ad8530e-acd0-42bf-abc5-1e70c4a076bf
2017-03-27,EZY,1831,MAN,AMS,1,,Main,,false,,2017-03-27T07:00,2017-03-27T07:16,,,,,2017-03-27T09:25,2017-03-27T09:42,Airbus A320,,,,,,,,0e8936e9-6782-4fab-860f-706a12cc5a31,c39d5ea4-a02f-45f5-bbbb-d3ef73b04aff,0f6792c2-c1b7-4356-9607-b64656099647,f671c076-61b7-4572-8abb-359aaadaafd4,,63155468-7f9d-4f33-8e5d-c0bf2edd2987
2017-07-27,EXS,915,MAN,SPU,1,31,,,false,,2017-07-27T16:05,2017-07-27T16:15,,,,,2017-07-27T20:00,2017-07-27T19:46,Boeing 757-200,,,,,,,,ff3765ec-d048-490e-99e1-df5c8bad8a35,bd03817b-1aff-4ebc-9e65-2f522b70b56c,0f6792c2-c1b7-4356-9607-b64656099647,47e4aedb-8db1-47a1-9d76-4a3543af98af,,2c3a4012-9fb9-44fc-9a71-0b6cb336042e
2017-08-01,EXS,916,SPU,MAN,,,1,,false,,2017-08-01T12:55,2017-08-01T13:38,,,,,2017-08-01T14:55,2017-08-01T15:43,Boeing 737-800,,,,,,,,f141263a-d0f4-4f71-8edd-9364af4edfae,bd03817b-1aff-4ebc-9e65-2f522b70b56c,47e4aedb-8db1-47a1-9d76-4a3543af98af,0f6792c2-c1b7-4356-9607-b64656099647,,8ad8530e-acd0-42bf-abc5-1e70c4a076bf
2017-08-07,RYR,1145,MAN,SXF,3,52,,D,false,,2017-08-07T12:10,2017-08-07T12:20,,,,,2017-08-07T15:05,2017-08-07T15:28,Boeing 737-800,,,,,,,,92dedf4a-4f52-4fa6-9e22-6045810081b2,89ad0292-b411-46f2-a3ad-27896d1be60b,0f6792c2-c1b7-4356-9607-b64656099647,288919c6-c6de-4882-b50b-80142d5dea98,,8ad8530e-acd0-42bf-abc5-1e70c4a076bf
2017-08-17,RYR,1144,SXF,MAN,,62,3,,false,,2017-08-17T13:50,2017-08-17T13:47,,,,,2017-08-17T14:45,2017-08-17T15:05,Boeing 737-800,,,,,,,,42d99148-5567-47de-bf26-f697aec9c35f,89ad0292-b411-46f2-a3ad-27896d1be60b,288919c6-c6de-4882-b50b-80142d5dea98,0f6792c2-c1b7-4356-9607-b64656099647,,8ad8530e-acd0-42bf-abc5-1e70c4a076bf
2017-09-21,RYR,8358,MAN,BUD,3,,2B,,false,,2017-09-21T08:45,2017-09-21T09:07,,,,,2017-09-21T12:15,2017-09-21T12:43,Boeing 737-800,,,,,,,,4fa3d186-4cbb-43b9-b9b9-63ea3f530e03,89ad0292-b411-46f2-a3ad-27896d1be60b,0f6792c2-c1b7-4356-9607-b64656099647,ecf6337c-c19c-4b75-a3f0-f627d629e6c0,,8ad8530e-acd0-42bf-abc5-1e70c4a076bf
2017-09-25,RYR,1026,BUD,DUB,2B,,1,,false,,2017-09-25T11:50,2017-09-25T12:23,,,,,2017-09-25T14:05,2017-09-25T14:32,Boeing 737-800,,,,,,,,88ae24a6-112e-4ee8-9b2c-96ad82d789b5,89ad0292-b411-46f2-a3ad-27896d1be60b,ecf6337c-c19c-4b75-a3f0-f627d629e6c0,5dc01a9f-6855-4248-8e7b-0fef83144078,,8ad8530e-acd0-42bf-abc5-1e70c4a076bf
2017-09-25,RYR,556,DUB,MAN,1,,3,,false,,2017-09-25T16:40,2017-09-25T16:43,,,,,2017-09-25T17:45,2017-09-25T17:48,Boeing 737-800,,,,,,,,0ce2c93a-4dcd-48ec-819a-8603d33f2fe0,89ad0292-b411-46f2-a3ad-27896d1be60b,5dc01a9f-6855-4248-8e7b-0fef83144078,0f6792c2-c1b7-4356-9607-b64656099647,,8ad8530e-acd0-42bf-abc5-1e70c4a076bf
2017-12-11,UAE,5102,LHR,DXB,3,1,3,,false,,2017-12-11T20:45,2017-12-11T21:33,,,,,2017-12-12T07:55,2017-12-12T08:10,Airbus A380-800,,,,,,,,c232b4f7-6005-4d4c-bbef-209598e9ac06,daa8b561-0aed-4a16-ace4-f13fa6c6ea21,5a2a51a0-1a5b-42c9-b220-c61953fac034,e8b51cb0-c41d-4224-b842-7f69655f8076,,c0d25858-9057-4fec-bd89-0c18fd4489d3
2017-12-12,UAE,358,DXB,CGK,3,B25,2,1,false,,2017-12-12T10:55,2017-12-12T10:53,,,,,2017-12-12T22:10,2017-12-12T22:17,Boeing 777-300 ER,,,,,,,,b5af5a89-822f-489d-839d-3809df74b0f5,daa8b561-0aed-4a16-ace4-f13fa6c6ea21,e8b51cb0-c41d-4224-b842-7f69655f8076,54e67e4a-41d4-438f-b7c9-a0054d50081c,,78eac566-1ad0-4ded-9979-9510dfde05f2
2017-12-13,GIA,434,CGK,LOP,3U,,,,false,,2017-12-13T05:50,2017-12-13T06:18,,,,,2017-12-13T08:55,,Boeing 737-800,,,,,,,,ecbf6489-4a40-4894-a010-d7dff26eb820,1599e6c1-cc21-4462-a472-8f0ac751b853,54e67e4a-41d4-438f-b7c9-a0054d50081c,dd6587c7-45d1-486a-a69c-e3d07917cb88,,8ad8530e-acd0-42bf-abc5-1e70c4a076bf
2017-12-24,GIA,435,LOP,CGK,,,3U,U10,false,,2017-12-24T09:40,2017-12-24T09:53,,,,,2017-12-24T10:40,2017-12-24T11:05,Boeing 737-800,,,,,,,,655ca9d0-88e4-4f6b-9917-97495859c161,1599e6c1-cc21-4462-a472-8f0ac751b853,dd6587c7-45d1-486a-a69c-e3d07917cb88,54e67e4a-41d4-438f-b7c9-a0054d50081c,,8ad8530e-acd0-42bf-abc5-1e70c4a076bf
2017-12-24,UAE,357,CGK,DXB,2,D2,3,,false,,2017-12-24T17:45,2017-12-24T18:26,,,,,2017-12-24T23:15,2017-12-25T00:07,Boeing 777-300 ER,,,,,,,,6ba71188-e8d6-4798-a12f-bf5690c998fb,daa8b561-0aed-4a16-ace4-f13fa6c6ea21,54e67e4a-41d4-438f-b7c9-a0054d50081c,e8b51cb0-c41d-4224-b842-7f69655f8076,,78eac566-1ad0-4ded-9979-9510dfde05f2
2017-12-25,UAE,21,DXB,MAN,3,A11,1,,false,,2017-12-25T03:00,2017-12-25T03:03,,,,,2017-12-25T07:00,2017-12-25T07:00,Airbus A380-800,,,,,,,,68d4763b-3af6-4afb-9f33-ae22f17274ed,daa8b561-0aed-4a16-ace4-f13fa6c6ea21,e8b51cb0-c41d-4224-b842-7f69655f8076,0f6792c2-c1b7-4356-9607-b64656099647,,c0d25858-9057-4fec-bd89-0c18fd4489d3
2018-01-05,EZY,8324,CDG,LGW,2D,D67,N,,false,,2018-01-05T16:40,2018-01-05T16:52,,,,,2018-01-05T16:50,2018-01-05T16:57,Airbus A319,,,,,,,,468683d3-5ee7-47b3-a0f1-9cc7e4d05ed4,c39d5ea4-a02f-45f5-bbbb-d3ef73b04aff,065a1318-77b6-4f77-98ce-95b9253f64a5,f0a9abc1-65e8-4666-9c4f-e7c1849cae93,,fb8254ff-1d83-4fe1-a147-882c217dfcbe
2018-03-18,RYR,2332,LBA,KRK,,,,,false,,2018-03-18T13:25,2018-03-18T13:53,,,,,2018-03-18T16:55,2018-03-18T17:24,Boeing 737-800,,,,,,,,963937a4-c652-43ae-9f8a-f9ad6f2d41c5,89ad0292-b411-46f2-a3ad-27896d1be60b,7de23956-7005-4d5e-bd83-736d878d998f,d43d2a6b-acb4-41a7-bf87-c0fb6cdcc7c1,,8ad8530e-acd0-42bf-abc5-1e70c4a076bf
2018-03-22,EZY,1872,KRK,MAN,,G15,1,,false,,2018-03-22T18:50,2018-03-22T20:56,,,,,2018-03-22T20:35,2018-03-22T22:17,Airbus A320,,,,,,,,dafcfae2-54bb-4c25-850e-ee766b204066,c39d5ea4-a02f-45f5-bbbb-d3ef73b04aff,d43d2a6b-acb4-41a7-bf87-c0fb6cdcc7c1,0f6792c2-c1b7-4356-9607-b64656099647,,dd390a1f-e92a-4411-ab72-04db16d42030
2018-06-08,EZY,2161,LTN,AMS,,,Main,,false,,2018-06-08T16:15,2018-06-08T16:10,,,,,2018-06-08T18:25,2018-06-08T18:15,Airbus A319,,,,,,,,1727541c-38e1-4141-a5df-6e247d627f4c,c39d5ea4-a02f-45f5-bbbb-d3ef73b04aff,61ec3188-adbe-4481-ba0f-9ddcfa7df9b8,f671c076-61b7-4572-8abb-359aaadaafd4,,fb8254ff-1d83-4fe1-a147-882c217dfcbe
2018-06-11,EZY,2154,AMS,LTN,Main,,,,false,,2018-06-11T08:45,2018-06-11T08:53,,,,,2018-06-11T08:55,2018-06-11T09:02,Airbus A320,,,,,,,,0b27a652-b442-4973-9ca2-8bb1dda0e687,c39d5ea4-a02f-45f5-bbbb-d3ef73b04aff,f671c076-61b7-4572-8abb-359aaadaafd4,61ec3188-adbe-4481-ba0f-9ddcfa7df9b8,,dd390a1f-e92a-4411-ab72-04db16d42030
2018-09-02,RYR,2772,STN,FEZ,,,,,false,,2018-09-02T10:45,,,,,,2018-09-02T14:00,,Boeing 737-800,,,,,,,,a0d5b831-8358-4a2a-bf3d-7845098c8c76,89ad0292-b411-46f2-a3ad-27896d1be60b,d96781d4-9fa4-4b33-b1e3-f2b4444740fa,2873eb38-9900-4633-b250-0bda7ae01399,,8ad8530e-acd0-42bf-abc5-1e70c4a076bf
2018-09-04,MAC,701,FEZ,RAK,,,,,false,,2018-09-04T14:20,,,,,,2018-09-04T15:20,,Airbus A320,,,,,,,,b87d1462-c6bb-4718-9d7b-2e22e0f36457,462ca088-020c-4a54-8c8f-17230689b4af,2873eb38-9900-4633-b250-0bda7ae01399,afd2bec1-df2f-4126-95b8-fa33971a2afe,,dd390a1f-e92a-4411-ab72-04db16d42030
2018-09-11,TAP,1431,TNG,LIS,,,1,,false,,2018-09-11T05:35,,,,,,2018-09-11T07:05,,ATR 72,,,,,,,,491168d7-9ced-4de0-8644-55ab51419e99,9c42a4f8-f9ce-47ad-b1e7-4e47b334f4d0,c262a63c-6bf1-4936-b53e-c4539c80358f,f16c846f-6351-43af-8ae8-28df302e7c24,,00069458-a1cb-42ac-889d-8c259cc8e679
2018-09-11,TAP,862,LIS,VCE,1,,,,false,,2018-09-11T15:35,,,,,,2018-09-11T19:25,2018-09-11T19:35,Airbus A320,,,,,,,,89bebdb0-ff44-4dda-9f53-e3a3444ba3f2,9c42a4f8-f9ce-47ad-b1e7-4e47b334f4d0,f16c846f-6351-43af-8ae8-28df302e7c24,e184c2ae-d608-40a5-9337-894f4fc8286f,,dd390a1f-e92a-4411-ab72-04db16d42030
2018-09-22,EZY,2888,NAP,MXP,,A1,2,,false,,2018-09-22T06:30,2018-09-22T06:22,,,,,2018-09-22T07:55,2018-09-22T07:38,Airbus A319,,,,,,,,6d63f0de-17ad-4a54-a487-8403006f44de,c39d5ea4-a02f-45f5-bbbb-d3ef73b04aff,bf1b680d-e40a-479e-b446-69e8f5efe76b,4e2e7d0a-9203-4b17-a233-bf1913e06603,,fb8254ff-1d83-4fe1-a147-882c217dfcbe
2018-09-22,EZY,2921,MXP,MAN,2,E24,1,,false,,2018-09-22T14:20,2018-09-22T14:18,,,,,2018-09-22T15:30,2018-09-22T15:31,Airbus A319,,,,,,,,30965075-81d4-4b13-bd8a-d79e2ea0585b,c39d5ea4-a02f-45f5-bbbb-d3ef73b04aff,4e2e7d0a-9203-4b17-a233-bf1913e06603,0f6792c2-c1b7-4356-9607-b64656099647,,fb8254ff-1d83-4fe1-a147-882c217dfcbe
2018-09-24,RYR,9122,MAN,FAO,3,,,,false,,2018-09-24T16:10,,,,,,2018-09-24T19:10,,Boeing 737-800,,,,,,,,1c2a680c-9270-4439-8e1a-9d21a3594eec,89ad0292-b411-46f2-a3ad-27896d1be60b,0f6792c2-c1b7-4356-9607-b64656099647,e072cb5c-d14b-4303-be2f-2b7b3051914e,,8ad8530e-acd0-42bf-abc5-1e70c4a076bf
2018-09-29,EXS,874,FAO,MAN,,,1,,false,,2018-09-29T20:40,,,,,,2018-09-29T23:40,2018-09-29T23:35,Boeing 737-800,,,,,,,,725046b5-4ec7-48cf-85b2-1ec910fc5e46,bd03817b-1aff-4ebc-9e65-2f522b70b56c,e072cb5c-d14b-4303-be2f-2b7b3051914e,0f6792c2-c1b7-4356-9607-b64656099647,,8ad8530e-acd0-42bf-abc5-1e70c4a076bf
2019-01-18,BAW,8471,LCY,FLR,,1,,,false,,2019-01-18T07:05,2019-01-18T07:03,,,,,2019-01-18T10:10,2019-01-18T09:58,Embraer 190,,,,,,,,30b1fe11-4db0-4e29-8c5e-3023371c1368,0e7d613e-188c-4d20-95ee-ddc17c17de3d,038fea45-3bb9-415b-aa3b-cb61f4dc106e,5cc3985c-15d4-4e7f-a0bd-69985d4651da,,fb807099-ea21-44f1-afb3-388faab25ae3
2019-01-20,BAW,3280,FLR,LCY,,10,,,false,,2019-01-20T20:00,2019-01-20T19:54,,,,,2019-01-20T21:10,2019-01-20T20:58,Embraer 190,,,,,,,,cfeb3c37-4500-469c-a75a-9755a7a51d22,0e7d613e-188c-4d20-95ee-ddc17c17de3d,5cc3985c-15d4-4e7f-a0bd-69985d4651da,038fea45-3bb9-415b-aa3b-cb61f4dc106e,,fb807099-ea21-44f1-afb3-388faab25ae3
2019-02-08,RYR,8542,STN,SXF,1,,,D,false,,2019-02-08T10:35,2019-02-08T10:40,,,,,2019-02-08T13:25,2019-02-08T13:15,Boeing 737-800,,,,,,,,21199471-a337-4162-a587-e96fe27b5d48,89ad0292-b411-46f2-a3ad-27896d1be60b,d96781d4-9fa4-4b33-b1e3-f2b4444740fa,288919c6-c6de-4882-b50b-80142d5dea98,,8ad8530e-acd0-42bf-abc5-1e70c4a076bf
2019-02-11,EZY,5547,TXL,EDI,C,84,Main,,false,,2019-02-11T15:45,2019-02-11T16:00,,,,,2019-02-11T17:00,2019-02-11T17:05,Airbus A320,,,,,,,,91e03b53-455b-4101-8206-17485fc8dab4,c39d5ea4-a02f-45f5-bbbb-d3ef73b04aff,08b99696-e7de-48cc-851b-88d9a1109ae9,6a7b11b2-8c39-4a78-9167-12d97152ddb4,,dd390a1f-e92a-4411-ab72-04db16d42030
2019-03-29,EZY,1853,MAN,BOD,1,5,BILLI,,false,,2019-03-29T13:15,2019-03-29T13:11,,,,,2019-03-29T16:15,2019-03-29T15:56,Airbus A319,,,,,,,,91cc82fb-de78-4c2e-a91f-5781abb92cd8,c39d5ea4-a02f-45f5-bbbb-d3ef73b04aff,0f6792c2-c1b7-4356-9607-b64656099647,28529683-cecf-4a1e-9558-2ded3abac59a,,fb8254ff-1d83-4fe1-a147-882c217dfcbe
2019-04-08,EZY,1854,BOD,MAN,BILLI,43,1,,false,,2019-04-08T14:15,2019-04-08T14:11,,,,,2019-04-08T15:15,2019-04-08T14:56,Airbus A319,,,,,,,,57adb5a9-9438-444f-a593-a5394eb53b27,c39d5ea4-a02f-45f5-bbbb-d3ef73b04aff,28529683-cecf-4a1e-9558-2ded3abac59a,0f6792c2-c1b7-4356-9607-b64656099647,,fb8254ff-1d83-4fe1-a147-882c217dfcbe
2019-07-07,EZY,7077,LPL,BOD,,,BILLI,,false,,2019-07-07T06:25,2019-07-07T06:16,,,,,2019-07-07T09:15,2019-07-07T08:53,Airbus A320,,,,,,,,f2782fb4-9612-4aee-a1ea-8b310075b43a,c39d5ea4-a02f-45f5-bbbb-d3ef73b04aff,dd852dbc-2416-4a61-a645-4d86c6b52583,28529683-cecf-4a1e-9558-2ded3abac59a,,dd390a1f-e92a-4411-ab72-04db16d42030
2019-07-13,RYR,4507,BOD,OPO,A,60,,,false,,2019-07-13T15:05,2019-07-13T16:07,,,,,2019-07-13T15:45,2019-07-13T16:38,Boeing 737-800,,,,,,,,87bea445-0a61-449b-8444-4b9502d7c166,89ad0292-b411-46f2-a3ad-27896d1be60b,28529683-cecf-4a1e-9558-2ded3abac59a,80f90779-f8b5-488b-9a2f-d2480b6b6790,,8ad8530e-acd0-42bf-abc5-1e70c4a076bf
2019-07-19,RYR,9203,OPO,LPL,,,,,false,,2019-07-19T09:30,,,,,,2019-07-19T11:50,,Boeing 737-800,,,,,,,,a6e09579-077f-4300-8f6e-09bcd1bb7d7a,89ad0292-b411-46f2-a3ad-27896d1be60b,80f90779-f8b5-488b-9a2f-d2480b6b6790,dd852dbc-2416-4a61-a645-4d86c6b52583,,8ad8530e-acd0-42bf-abc5-1e70c4a076bf
2019-08-19,KLM,1070,MAN,AMS,3,49,Main,D54,false,,2019-08-19T05:55,2019-08-19T05:59,,,,,2019-08-19T08:20,2019-08-19T08:37,Boeing 737-900ER,,,,,,,,1a386202-508c-4b6f-842f-e49aa74b4f79,23930f39-7220-4a4b-a01e-3ab5508ca9f0,0f6792c2-c1b7-4356-9607-b64656099647,f671c076-61b7-4572-8abb-359aaadaafd4,,24012541-435d-4a27-af8a-4791336f1965
2019-08-19,KLM,537,AMS,KGL,2,F7,,,false,,2019-08-19T11:20,2019-08-19T11:23,,,,,2019-08-19T19:40,2019-08-19T19:36,Airbus A330-300,,,,,,,,96db081c-2a06-4280-9c44-a6d504bce173,23930f39-7220-4a4b-a01e-3ab5508ca9f0,f671c076-61b7-4572-8abb-359aaadaafd4,843ebd01-60b6-4ab8-9584-569c437b6521,,6eab475b-ae92-46cd-a1b8-66937c85f7cc
2019-08-29,KLM,539,KGL,EBB,,,,,false,,2019-08-29T20:45,2019-08-29T20:28,,,,,2019-08-29T22:50,2019-08-29T22:30,Airbus A330-200,,,,,,,,4298d14b-3645-4ef9-97c7-abe266b1fc87,23930f39-7220-4a4b-a01e-3ab5508ca9f0,843ebd01-60b6-4ab8-9584-569c437b6521,cb398d04-b2fb-4ce6-8b68-5a0c9e6a7581,,b592e11d-fad7-492c-9c29-998f09eed93e
2019-08-29,KLM,539,EBB,AMS,,,Main,,false,,2019-08-29T23:59,2019-08-29T23:30,,,,,2019-08-30T07:25,2019-08-30T07:11,Airbus A330-200,,,,,,,,2bf36c84-049b-4c30-8615-a728a3137a2a,23930f39-7220-4a4b-a01e-3ab5508ca9f0,cb398d04-b2fb-4ce6-8b68-5a0c9e6a7581,f671c076-61b7-4572-8abb-359aaadaafd4,,b592e11d-fad7-492c-9c29-998f09eed93e
2019-08-30,KLM,1073,AMS,MAN,Main,D27,3,,false,,2019-08-30T10:05,2019-08-30T10:07,,,,,2019-08-30T10:25,2019-08-30T10:12,Boeing 737-800,,,,,,,,81a3d9b3-58b1-4578-b486-a28b1377356e,23930f39-7220-4a4b-a01e-3ab5508ca9f0,f671c076-61b7-4572-8abb-359aaadaafd4,0f6792c2-c1b7-4356-9607-b64656099647,,8ad8530e-acd0-42bf-abc5-1e70c4a076bf
2019-09-08,TCX,586,MAN,BJV,1,20,I,,false,,2019-09-08T06:00,2019-09-08T06:50,,,,,2019-09-08T12:10,2019-09-08T12:50,Airbus A321,,,,,,,,cb6c9a4e-9c34-4ad1-be41-dedbb97533a2,a94bbd6b-eb64-4a8e-9aeb-9db090970b65,0f6792c2-c1b7-4356-9607-b64656099647,6319e92a-07cf-4a21-8941-505f7ac9d47d,,5904cdc2-eccf-41fe-8345-e82a51d3269c
2019-09-14,TCX,897,BJV,MAN,I,,1,,false,,2019-09-14T00:55,2019-09-14T01:05,,,,,2019-09-14T03:15,2019-09-14T03:30,Airbus A321,,,,,,,,58d58a01-974e-441f-83ce-2592a969a045,a94bbd6b-eb64-4a8e-9aeb-9db090970b65,6319e92a-07cf-4a21-8941-505f7ac9d47d,0f6792c2-c1b7-4356-9607-b64656099647,,5904cdc2-eccf-41fe-8345-e82a51d3269c
2019-09-15,KLM,1074,MAN,AMS,3,49,Main,D53,false,,2019-09-15T11:10,2019-09-15T11:19,,,,,2019-09-15T13:30,2019-09-15T13:28,Boeing 737-900ER,,,,,,,,36da4953-0f2e-485f-9a2e-e0d9aeec018b,23930f39-7220-4a4b-a01e-3ab5508ca9f0,0f6792c2-c1b7-4356-9607-b64656099647,f671c076-61b7-4572-8abb-359aaadaafd4,,24012541-435d-4a27-af8a-4791336f1965
2019-09-15,KLM,589,AMS,ACC,Main,F7,3,,false,,2019-09-15T15:25,2019-09-15T15:44,,,,,2019-09-15T19:55,2019-09-15T19:59,Boeing 777-300 ER,,,,,,,,8aa2ccdc-88de-4d73-ad03-57922aba28f4,23930f39-7220-4a4b-a01e-3ab5508ca9f0,f671c076-61b7-4572-8abb-359aaadaafd4,298c5068-9032-44e2-9556-eb6282cd79eb,,78eac566-1ad0-4ded-9979-9510dfde05f2
2019-10-03,AFR,914,ACC,CDG,3,,2E,,false,,2019-10-03T23:55,2019-10-03T23:38,,,,,2019-10-04T08:30,2019-10-04T08:26,Airbus A330-200,,,,,,,,61442d01-7d60-4234-8773-9e63cf35916c,ef3b3deb-e992-48e8-b4b6-ce96bb96be5c,298c5068-9032-44e2-9556-eb6282cd79eb,065a1318-77b6-4f77-98ce-95b9253f64a5,,b592e11d-fad7-492c-9c29-998f09eed93e
2019-10-04,AFR,5022,CDG,MAN,2E,K25,3,,false,,2019-10-04T09:40,,,,,,2019-10-04T10:10,2019-10-04T10:20,Embraer 195,,,,,,,,b3393b27-d172-49c2-ad96-ccf67d02ae31,ef3b3deb-e992-48e8-b4b6-ce96bb96be5c,065a1318-77b6-4f77-98ce-95b9253f64a5,0f6792c2-c1b7-4356-9607-b64656099647,,0393e11b-8499-4378-a330-abf1fdecfc18
2019-10-09,KLM,1072,MAN,AMS,3,48,Main,D16,false,,2019-10-09T09:00,2019-10-09T09:17,,,,,2019-10-09T11:15,2019-10-09T11:32,Boeing 737-700,,,,,,,,82c026b9-04b7-40a8-b2d3-b2152851e4d7,23930f39-7220-4a4b-a01e-3ab5508ca9f0,0f6792c2-c1b7-4356-9607-b64656099647,f671c076-61b7-4572-8abb-359aaadaafd4,,886c3a0c-c7a3-4205-982f-35cddc765ae1
2019-10-09,KLM,757,AMS,PTY,Main,F3,,,false,,2019-10-09T12:55,2019-10-09T13:26,,,,,2019-10-09T16:45,2019-10-09T17:01,Boeing 777-300 ER,,,,,,,,91db3b3b-ba72-4c63-936d-3c47a7edf9de,23930f39-7220-4a4b-a01e-3ab5508ca9f0,f671c076-61b7-4572-8abb-359aaadaafd4,ac23b418-d8ce-4c2a-b264-04046fd33b08,,78eac566-1ad0-4ded-9979-9510dfde05f2
2019-10-09,CMP,489,PTY,LIM,1,140,,17,false,,2019-10-09T18:49,2019-10-09T18:54,,,,,2019-10-09T22:28,2019-10-09T22:20,Boeing 737-800,,,,,,,,aea785c9-9073-472b-9866-dd4131856c28,54c03f68-6d92-4ec3-8416-b960e9fb093f,ac23b418-d8ce-4c2a-b264-04046fd33b08,79aa7b04-9715-4c21-944b-c8ca396a37c2,,8ad8530e-acd0-42bf-abc5-1e70c4a076bf
2019-10-25,TAI,146,LIM,MDE,,14,,,false,,2019-10-25T12:14,2019-10-25T12:02,,,,,2019-10-25T15:31,2019-10-25T14:57,Airbus A319,,,,,,,,37f345de-b2c0-4cf5-9902-ad6390dd6a36,3c27a8dd-c341-4b4a-9b7b-58ad4c98472a,79aa7b04-9715-4c21-944b-c8ca396a37c2,f348bf5d-98fa-43b9-bdff-0b7709f18f11,,fb8254ff-1d83-4fe1-a147-882c217dfcbe
2019-10-25,VPE,753,CUZ,LIM,,,,,false,,2019-10-25T12:21,,,,,,2019-10-25T14:05,,Airbus A320,,,,,,,,50b9c8fb-50b5-4e38-8cbb-d33288cc96b4,9fcbff38-45b4-4386-b1f4-e911c9891c33,eec7c7dc-ae23-44bb-9af5-b94dfd64acf5,79aa7b04-9715-4c21-944b-c8ca396a37c2,,dd390a1f-e92a-4411-ab72-04db16d42030
2019-10-30,ARE,4292,MDE,CTG,1,2,,,false,,2019-10-30T19:25,2019-10-30T19:32,,,,,2019-10-30T20:28,2019-10-30T20:33,Airbus A320,,,,,,,,57f554f9-cc8c-4c66-848d-4f421871c7d6,24b8a95c-871d-4b16-8f05-4f7b2c9b21df,f348bf5d-98fa-43b9-bdff-0b7709f18f11,e48e9925-1921-44f4-8e96-674e78de9138,,dd390a1f-e92a-4411-ab72-04db16d42030
2019-11-13,LAN,4141,SMR,BOG,1,4,1,12,false,,2019-11-13T10:52,2019-11-13T10:52,,,,,2019-11-13T12:16,2019-11-13T12:17,Airbus A319,,,,,,,,4aa8248c-85c4-492b-b179-5e4c0f8c687e,ce84921d-eb9e-4443-8925-a9923a70dcd1,6db633f8-9081-4804-84dd-c0e904d60f30,36eebc9d-1c35-4d11-a1a9-11442d330e51,,fb8254ff-1d83-4fe1-a147-882c217dfcbe
2019-11-14,AFR,423,BOG,CDG,1,41,2E,,false,,2019-11-14T00:05,2019-11-14T00:31,,,,,2019-11-14T16:25,2019-11-14T17:08,Boeing 787-9,,,,,,,,99ef9675-7e2e-40a8-a761-477a609f746a,ef3b3deb-e992-48e8-b4b6-ce96bb96be5c,36eebc9d-1c35-4d11-a1a9-11442d330e51,065a1318-77b6-4f77-98ce-95b9253f64a5,,c4910e5e-2c05-4d17-bc08-fa0c8c0b77d9
2019-11-14,AFR,1168,CDG,MAN,2E,K34,3,,false,,2019-11-14T18:20,2019-11-14T18:26,,,,,2019-11-14T18:50,2019-11-14T18:47,Airbus A320,,,,,,,,dbc6535e-4325-4d7a-8187-39988787361e,ef3b3deb-e992-48e8-b4b6-ce96bb96be5c,065a1318-77b6-4f77-98ce-95b9253f64a5,0f6792c2-c1b7-4356-9607-b64656099647,,dd390a1f-e92a-4411-ab72-04db16d42030
2019-11-18,KLM,877,AMS,BOM,2,F7,2,,false,,2019-11-18T11:55,2019-11-18T11:54,,,,,2019-11-19T00:40,2019-11-19T01:29,Boeing 787-9,,,,,,,,ff4b1e73-6f41-40fc-a57a-237b2b37c0b8,23930f39-7220-4a4b-a01e-3ab5508ca9f0,f671c076-61b7-4572-8abb-359aaadaafd4,2a6e27e3-f8ac-493e-adef-ee363a722a29,,c4910e5e-2c05-4d17-bc08-fa0c8c0b77d9
2019-11-19,ALK,142,BOM,CMB,2,,,,false,,2019-11-19T03:10,2019-11-19T03:44,,,,,2019-11-19T05:30,2019-11-19T06:10,Airbus A320,,,,,,,,8780d867-c4b2-4cee-ba6c-b3af413b44f4,7caecd54-2754-4f3c-aa8b-20a641a0fb8b,2a6e27e3-f8ac-493e-adef-ee363a722a29,d3812494-4b98-4ced-ac9d-e8cfd7156b04,,dd390a1f-e92a-4411-ab72-04db16d42030
2019-11-19,KLM,1070,MAN,AMS,3,49,2,D25,false,,2019-11-19T05:55,2019-11-19T06:01,,,,,2019-11-19T08:15,2019-11-19T08:02,Boeing 737-800,,,,,,,,2cd06594-0887-4860-b5e2-4f992832e26b,23930f39-7220-4a4b-a01e-3ab5508ca9f0,0f6792c2-c1b7-4356-9607-b64656099647,f671c076-61b7-4572-8abb-359aaadaafd4,,8ad8530e-acd0-42bf-abc5-1e70c4a076bf
2019-11-28,AXM,46,CMB,KUL,,14,2,,false,,2019-11-28T23:00,2019-11-28T22:50,,,,,2019-11-29T05:10,2019-11-29T05:00,Airbus A320,,,,,,,,5c0fa565-719a-4c1a-9bea-5c62424a680d,ee0741e6-30f0-4206-a176-bb97096e040c,d3812494-4b98-4ced-ac9d-e8cfd7156b04,d0ed4e28-88b7-4a15-ba4e-bb366458975a,,dd390a1f-e92a-4411-ab72-04db16d42030
2019-11-29,AXM,828,KUL,HKT,2,L7,,,false,,2019-11-29T06:45,2019-11-29T06:38,,,,,2019-11-29T07:20,2019-11-29T06:57,Airbus A320,,,,,,,,d95b52c3-b5f2-4ffa-98b4-ebbf803825ad,ee0741e6-30f0-4206-a176-bb97096e040c,d0ed4e28-88b7-4a15-ba4e-bb366458975a,5c2e8f65-88c9-4917-a076-4043eff8a926,,dd390a1f-e92a-4411-ab72-04db16d42030
2019-12-02,AIQ,3159,HKT,CNX,,,,,false,,2019-12-02T09:00,2019-12-02T08:44,,,,,2019-12-02T11:00,2019-12-02T10:34,Airbus A320,,,,,,,,bedb1931-ed61-4df5-ac2d-b5bf6e84486d,49f5be2c-d4c1-4371-a45b-4ec4aabd7011,5c2e8f65-88c9-4917-a076-4043eff8a926,f1318050-6936-43d1-ac48-fc4ecdb11ce1,,dd390a1f-e92a-4411-ab72-04db16d42030
2019-12-07,HVN,930,LPQ,HAN,,,T2,,false,,2019-12-07T19:15,2019-12-07T18:54,,,,,2019-12-07T20:15,2019-12-07T19:47,Airbus A321,,,,,,,,8862c9e6-09c0-4734-87d1-a8fdbce78703,e954f8f5-08f2-47d6-81e2-4c11d9de58d4,ac8fcead-167a-4264-928b-1e1e865a7008,8a81e164-4c8e-4c01-8b04-b2497c51c090,,5904cdc2-eccf-41fe-8345-e82a51d3269c
2019-12-12,HVN,1673,HPH,DAD,,,1,,false,,2019-12-12T13:55,2019-12-12T16:02,,,,,2019-12-12T15:10,2019-12-12T17:17,Airbus A321,,,,,,,,48a2f3dc-e836-451a-9c1d-59724d6a124f,e954f8f5-08f2-47d6-81e2-4c11d9de58d4,71b8112f-1dcf-4e9d-8a21-881bcf182873,ee8033a0-e61c-4c43-9016-b94443a0220a,,5904cdc2-eccf-41fe-8345-e82a51d3269c
2019-12-15,HVN,141,DAD,SGN,1,,1,,false,,2019-12-15T20:00,2019-12-15T20:00,,,,,2019-12-15T21:30,2019-12-15T21:37,Airbus A321,,,,,,,,1eb1c21a-6e3b-45d0-a984-253d983f5eb0,e954f8f5-08f2-47d6-81e2-4c11d9de58d4,ee8033a0-e61c-4c43-9016-b94443a0220a,55757f45-a7b4-4005-bf27-43869acade56,,5904cdc2-eccf-41fe-8345-e82a51d3269c
2019-12-20,AIQ,615,REP,DMK,,,1,,false,,2019-12-20T17:15,2019-12-20T17:04,,,,,2019-12-20T18:25,2019-12-20T18:14,Airbus A320,,,,,,,,a0649892-decf-4fef-8b6c-ae3f5721c72c,49f5be2c-d4c1-4371-a45b-4ec4aabd7011,e98bbdda-8a16-4c53-a837-d5ef8d617362,99e501ce-1da8-427e-b685-4f54c4a1a6ee,,dd390a1f-e92a-4411-ab72-04db16d42030
2019-12-24,KLM,876,BKK,AMS,,F6,3,F5,false,,2019-12-24T12:15,2019-12-24T11:59,,,,,2019-12-24T18:30,2019-12-24T18:04,Boeing 777-300 ER,,,,,,,,e910347f-8297-4073-a857-34a1989034d3,23930f39-7220-4a4b-a01e-3ab5508ca9f0,548d409f-68f7-4450-aaaf-87133919af6d,f671c076-61b7-4572-8abb-359aaadaafd4,,78eac566-1ad0-4ded-9979-9510dfde05f2
2019-12-24,KLM,1083,AMS,MAN,2,D18,3,,false,,2019-12-24T21:45,2019-12-24T21:47,,,,,2019-12-24T22:00,2019-12-24T21:53,Boeing 737-800,,,,,,,,5d03b010-7aeb-43ef-b434-13a6c5f95663,23930f39-7220-4a4b-a01e-3ab5508ca9f0,f671c076-61b7-4572-8abb-359aaadaafd4,0f6792c2-c1b7-4356-9607-b64656099647,,8ad8530e-acd0-42bf-abc5-1e70c4a076bf
2020-01-20,BAW,470,LHR,BCN,3,5,1,,false,,2020-01-20T15:50,2020-01-20T15:48,,,,,2020-01-20T19:00,2020-01-20T19:22,Airbus A320,,,,,,,,ef1f68e8-d503-4979-ac6b-2737725b0393,0e7d613e-188c-4d20-95ee-ddc17c17de3d,5a2a51a0-1a5b-42c9-b220-c61953fac034,72d63683-9cc9-40da-9394-b2557edacb91,,dd390a1f-e92a-4411-ab72-04db16d42030
2020-01-24,BAW,471,BCN,LHR,1,D12,3,,false,,2020-01-24T19:15,2020-01-24T20:25,,,,,2020-01-24T20:35,2020-01-24T21:23,Airbus A320,,,,,,,,b5cc4649-54e3-4794-ba22-3c5848d88b80,0e7d613e-188c-4d20-95ee-ddc17c17de3d,72d63683-9cc9-40da-9394-b2557edacb91,5a2a51a0-1a5b-42c9-b220-c61953fac034,,dd390a1f-e92a-4411-ab72-04db16d42030
2020-07-30,RYR,2107,MAN,CFU,3,,,,false,,2020-07-30T15:05,2020-07-30T15:09,,,,,2020-07-30T20:30,,Boeing 737-800,,,,,,,,53e10bae-727e-476a-9e25-dc6ebfd8959e,89ad0292-b411-46f2-a3ad-27896d1be60b,0f6792c2-c1b7-4356-9607-b64656099647,af63a7e0-8f01-4f13-9331-0bd60770208d,,bfed5d53-9645-4ae2-aa8b-808123bd938b
2020-08-03,EZY,8756,CFU,LGW,,,N,,false,,2020-08-03T15:50,2020-08-03T15:38,,,,,2020-08-03T17:10,2020-08-03T16:48,Airbus A320,,,,,,,,de979991-3069-445b-a6da-3fdf624fbc9d,c39d5ea4-a02f-45f5-bbbb-d3ef73b04aff,af63a7e0-8f01-4f13-9331-0bd60770208d,f0a9abc1-65e8-4666-9c4f-e7c1849cae93,,63155468-7f9d-4f33-8e5d-c0bf2edd2987
2020-08-29,WZZ,5502,LTN,MXP,,,1,,false,,2020-08-29T08:50,,,,,,2020-08-29T11:35,,Airbus A321,,,,,,,,c2c1ab13-e1e1-46d4-9aa6-d531eb8ea8b3,542af20e-6651-4d15-8163-bbc9712c8cfc,61ec3188-adbe-4481-ba0f-9ddcfa7df9b8,4e2e7d0a-9203-4b17-a233-bf1913e06603,,5904cdc2-eccf-41fe-8345-e82a51d3269c
2020-09-06,RYR,973,GOA,STN,,,,,false,,2020-09-06T15:40,,,,,,2020-09-06T16:45,,Boeing 737-800,,,,,,,,86645f72-ceec-4a96-9558-08af8e26a375,89ad0292-b411-46f2-a3ad-27896d1be60b,cf9f9ff2-9406-45a2-b77a-bb8b473595a3,d96781d4-9fa4-4b33-b1e3-f2b4444740fa,,4f7a0cdc-f82f-4544-9e7b-f49a80b8463a
2020-12-15,ETD,20,LHR,AUH,2,B47,3,33,false,,2020-12-15T12:25,2020-12-15T12:26,,,,,,2020-12-15T23:11,Boeing 787-9,,,,,,,,587d0d93-8bee-40a7-b477-b2ab9c14d122,4d3bca9e-92ed-4ba9-b15d-9adf90c8a57b,5a2a51a0-1a5b-42c9-b220-c61953fac034,1f275af7-54af-4898-b7d6-4c0caa2b7eb6,,c4910e5e-2c05-4d17-bc08-fa0c8c0b77d9
2020-12-16,ETD,278,AUH,MLE,3,60,,,false,,2020-12-16T02:30,2020-12-16T02:29,,,,,,2020-12-16T07:55,Airbus A320,,,,,,,,e81df8fd-18a1-4f08-9a2f-947e84cdf0b4,4d3bca9e-92ed-4ba9-b15d-9adf90c8a57b,1f275af7-54af-4898-b7d6-4c0caa2b7eb6,978a2e10-df3c-4547-9644-11966cb5b7ac,,5abf9f45-a4ac-48dc-bd62-b6b0a6f31bb8
2020-12-22,ETD,279,MLE,AUH,,5,3,70,false,,2020-12-22T23:45,2020-12-22T23:50,,,,,,2020-12-23T02:55,Boeing 787-9,,,,,,,,2f4186e6-2597-4b9a-a409-05b043a0ab6f,4d3bca9e-92ed-4ba9-b15d-9adf90c8a57b,978a2e10-df3c-4547-9644-11966cb5b7ac,1f275af7-54af-4898-b7d6-4c0caa2b7eb6,,c4910e5e-2c05-4d17-bc08-fa0c8c0b77d9
2020-12-23,ETD,21,AUH,MAN,3,34,1,,false,,2020-12-23T07:00,2020-12-23T07:19,,,,,,2020-12-23T11:42,Boeing 787-9,,,,,,,,b68a732d-383f-4c2f-b671-27042f320da7,4d3bca9e-92ed-4ba9-b15d-9adf90c8a57b,1f275af7-54af-4898-b7d6-4c0caa2b7eb6,0f6792c2-c1b7-4356-9607-b64656099647,,c4910e5e-2c05-4d17-bc08-fa0c8c0b77d9
2021-08-16,RYR,8386,STN,PMI,,43,,,false,,2021-08-16T13:35,2021-08-16T13:57,,,,,,,Boeing 737-800,,,,,,,,c515ce03-c00f-4a80-ac7b-cd043051ef4a,89ad0292-b411-46f2-a3ad-27896d1be60b,d96781d4-9fa4-4b33-b1e3-f2b4444740fa,d08ebb87-32f2-4bb6-8ef1-8fc2c5b8e943,,4f7a0cdc-f82f-4544-9e7b-f49a80b8463a
2021-08-21,RYR,8387,PMI,STN,,A22,,81,false,,2021-08-21T17:45,2021-08-21T18:24,,,,,,,Boeing 737-800,,,,,,,,3c0223c7-dc61-4279-a3a2-04ecfdd21dec,89ad0292-b411-46f2-a3ad-27896d1be60b,d08ebb87-32f2-4bb6-8ef1-8fc2c5b8e943,d96781d4-9fa4-4b33-b1e3-f2b4444740fa,,4f7a0cdc-f82f-4544-9e7b-f49a80b8463a
2021-09-12,RYR,15,STN,ATH,,44,,,false,,2021-09-12T15:30,2021-09-12T15:35,,,,,,,Boeing 737-800,,,,,,,,cd7feaa5-65c2-4271-911f-34d71e599aee,89ad0292-b411-46f2-a3ad-27896d1be60b,d96781d4-9fa4-4b33-b1e3-f2b4444740fa,cf45cd09-2351-45e6-bee2-e05eb99b1673,,4f7a0cdc-f82f-4544-9e7b-f49a80b8463a
2021-09-19,RYR,14,ATH,STN,,A18,,,false,,2021-09-19T21:25,2021-09-19T21:54:11,,,,,,,Boeing 737-800,,,,,,,,0995d7f5-bb1c-4881-b412-99021710b11e,89ad0292-b411-46f2-a3ad-27896d1be60b,cf45cd09-2351-45e6-bee2-e05eb99b1673,d96781d4-9fa4-4b33-b1e3-f2b4444740fa,,4f7a0cdc-f82f-4544-9e7b-f49a80b8463a
2021-11-09,ICE,451,LHR,KEF,2,A18,,,false,,2021-11-09T12:15,2021-11-09T12:13,,,,,,2021-11-09T15:01,Boeing 757-300,,,,,,,,d29fe9e2-6283-4544-be75-c6db9cd20547,7bc1146e-c607-4d41-9666-77fd2e062308,5a2a51a0-1a5b-42c9-b220-c61953fac034,f9ddda80-ba0f-442d-a00c-851d63bcbb3c,,0e3e6575-bd45-480c-bd83-360ac9fc02d2
2021-11-11,ICE,454,KEF,LHR,,D36,2,,false,,2021-11-11T16:20,2021-11-11T16:10,,,,,,2021-11-11T18:58,Boeing 757-200,,,,,,,,dc91a851-fe4a-4726-b96b-41b781daf49d,7bc1146e-c607-4d41-9666-77fd2e062308,f9ddda80-ba0f-442d-a00c-851d63bcbb3c,5a2a51a0-1a5b-42c9-b220-c61953fac034,,2c3a4012-9fb9-44fc-9a71-0b6cb336042e
2021-11-19,RYR,145,STN,BER,1,,T1,Z40,false,,2021-11-19T07:45,2021-11-19T08:48,,,,,2021-11-19T10:35,2021-11-19T11:32,Boeing 737-800,,,,,,,,dac643b0-2547-4dd4-a1a7-110b907e6dbc,89ad0292-b411-46f2-a3ad-27896d1be60b,d96781d4-9fa4-4b33-b1e3-f2b4444740fa,45b0a8c3-66fd-4443-ac63-4f4354686859,,8ad8530e-acd0-42bf-abc5-1e70c4a076bf
2021-11-21,RYR,146,BER,STN,1,B40,,50,false,,2021-11-21T18:20,2021-11-21T19:27:02,,,,,,,Boeing 737-800,,,,,,,,86969b2f-c3c8-4eb0-8677-5db9d0a86872,89ad0292-b411-46f2-a3ad-27896d1be60b,45b0a8c3-66fd-4443-ac63-4f4354686859,d96781d4-9fa4-4b33-b1e3-f2b4444740fa,,4f7a0cdc-f82f-4544-9e7b-f49a80b8463a
2022-01-28,AEA,1014,LGW,MAD,N,49,1,,false,LGW,2022-01-28T09:50,2022-01-28T09:57,,,,,,,Boeing 737-800,,,,,,,,0c99b80c-ce19-43d9-8947-e8574fc07baa,0b419039-a278-401e-941e-f192fa3358d6,f0a9abc1-65e8-4666-9c4f-e7c1849cae93,f6e9455f-8a6d-4806-89c4-18c09a750f00,f0a9abc1-65e8-4666-9c4f-e7c1849cae93,4f7a0cdc-f82f-4544-9e7b-f49a80b8463a
2022-01-30,AEA,1013,MAD,LGW,1,B22,N,,false,,2022-01-30T07:35,2022-01-30T07:38,,,,,,2022-01-30T08:42,Boeing 737-800,,,,,,,,551ce23b-3101-448d-814f-cbd98dc23eff,0b419039-a278-401e-941e-f192fa3358d6,f6e9455f-8a6d-4806-89c4-18c09a750f00,f0a9abc1-65e8-4666-9c4f-e7c1849cae93,,4f7a0cdc-f82f-4544-9e7b-f49a80b8463a
2022-02-23,WZZ,4302,LTN,SOF,,,1,,false,,2022-02-23T08:40,2022-02-23T09:24,,,,,2022-02-23T13:45,,Airbus A320,,,,,,,,51751e23-b3c7-49e2-8ef2-99a454e15b34,542af20e-6651-4d15-8163-bbc9712c8cfc,61ec3188-adbe-4481-ba0f-9ddcfa7df9b8,5d1a6fbb-656c-4de9-8153-6055b9d47211,,5abf9f45-a4ac-48dc-bd62-b6b0a6f31bb8
2022-02-27,WZZ,4305,SOF,LTN,1,,,,false,,2022-02-27T19:45,2022-02-27T20:41:08,,,,,,,Airbus A320,,,,,,,,0cc35f67-504b-4cbc-b40e-337a3768ac9a,542af20e-6651-4d15-8163-bbc9712c8cfc,5d1a6fbb-656c-4de9-8153-6055b9d47211,61ec3188-adbe-4481-ba0f-9ddcfa7df9b8,,5abf9f45-a4ac-48dc-bd62-b6b0a6f31bb8
2022-03-20,EZY,8717,LGW,LIS,N,,2,,false,,2022-03-20T10:45,2022-03-20T10:36,,,,,,2022-03-20T13:22:25,Airbus A320,,,,,,,,f117c328-b61c-4048-b59b-1808aec43848,c39d5ea4-a02f-45f5-bbbb-d3ef73b04aff,f0a9abc1-65e8-4666-9c4f-e7c1849cae93,f16c846f-6351-43af-8ae8-28df302e7c24,,5abf9f45-a4ac-48dc-bd62-b6b0a6f31bb8
2022-03-23,RYR,1883,LIS,STN,2,,,44,false,,2022-03-23T20:50,2022-03-23T21:22,,,,,2022-03-23T23:40,2022-03-23T23:42,Boeing 737 MAX 8,,,,,,,,10b0d043-b342-41ef-86c4-7f8f2a8bf12b,89ad0292-b411-46f2-a3ad-27896d1be60b,f16c846f-6351-43af-8ae8-28df302e7c24,d96781d4-9fa4-4b33-b1e3-f2b4444740fa,,5ee1c1db-bf8c-475a-99b0-262bbc7a50b2
2022-03-25,ACA,855,LHR,YYZ,2,B39,1,E69,false,,2022-03-25T11:10,2022-03-25T11:03,,,,,,2022-03-25T14:31,Boeing 787-9,,,,,,,,5195a117-0bc3-4c3b-9214-20bf78e54cdb,e01c58da-cfd8-4db7-9078-f950d668ba1a,5a2a51a0-1a5b-42c9-b220-c61953fac034,54b344b9-4034-43bf-9f74-6934fe37e671,,c4910e5e-2c05-4d17-bc08-fa0c8c0b77d9
2022-03-25,ACA,1812,YYZ,CUN,1,,3,,false,,2022-03-25T17:05,2022-03-25T17:20,,,,,2022-03-25T20:15,2022-03-25T20:20,Airbus A321,,,,,,,,9f6bd89c-ad4b-419b-ae2f-2f2f80b160c6,e01c58da-cfd8-4db7-9078-f950d668ba1a,54b344b9-4034-43bf-9f74-6934fe37e671,6722dd71-adcb-46b6-958c-cee69251b676,,5904cdc2-eccf-41fe-8345-e82a51d3269c
2022-04-02,VIV,1105,MID,MEX,,,1,,false,,2022-04-02T16:00,2022-04-02T16:10,,,,,2022-04-02T18:00,,Airbus A321,,,,,,,,df14aef4-745d-46f4-a7fd-917d20421e7b,9ef64ab7-c3a8-448e-b187-4c709af48e58,c504edac-29e7-4a01-ad7d-a53373931ca2,52352c99-6347-4c4e-9472-3c8556ee037f,,5904cdc2-eccf-41fe-8345-e82a51d3269c
2022-04-30,ACA,931,CUN,YYZ,3,,1,165A,false,,2022-04-30T13:35,2022-04-30T14:13,,,,,,2022-04-30T19:05,Boeing 777-300 ER,,,,,,,,818c84e8-b901-49cf-ac1c-4dfa604af201,e01c58da-cfd8-4db7-9078-f950d668ba1a,6722dd71-adcb-46b6-958c-cee69251b676,54b344b9-4034-43bf-9f74-6934fe37e671,,78eac566-1ad0-4ded-9979-9510dfde05f2
2022-04-30,ACA,856,YYZ,LHR,1,E75,2,B38,false,,2022-04-30T20:35,2022-04-30T21:58,,,,,2022-05-01T08:35,2022-05-01T10:16,Boeing 777-300 ER,,,,,,,,9d325847-aad2-4b96-a2ea-4c9eb3ab4981,e01c58da-cfd8-4db7-9078-f950d668ba1a,54b344b9-4034-43bf-9f74-6934fe37e671,5a2a51a0-1a5b-42c9-b220-c61953fac034,,78eac566-1ad0-4ded-9979-9510dfde05f2
2022-06-03,WUK,4487,LTN,TIA,,,,,false,,2022-06-03T15:25,,,,,,2022-06-03T19:30,,Airbus A321,,,,,,,,22dbae6e-3e0c-421d-86c0-0fa815ec58e9,6e99b14d-c845-4df2-83d1-c9e62a6ccdcb,61ec3188-adbe-4481-ba0f-9ddcfa7df9b8,31c82144-9b67-4ce4-a928-e6024129253c,,5904cdc2-eccf-41fe-8345-e82a51d3269c
2022-06-13,WUK,4472,TIA,LTN,,,,,false,,2022-06-13T20:30,,,,,,2022-06-13T22:50,,Airbus A321,,,,,,,,d142d2c5-d738-4340-804b-cfb2bf8e9ffd,6e99b14d-c845-4df2-83d1-c9e62a6ccdcb,31c82144-9b67-4ce4-a928-e6024129253c,61ec3188-adbe-4481-ba0f-9ddcfa7df9b8,,5904cdc2-eccf-41fe-8345-e82a51d3269c
2022-06-29,THA,911,LHR,BKK,2,B44,,,false,,2022-06-29T12:30,2022-06-29T12:46,,,,,2022-06-30T06:00,2022-06-30T06:32,Boeing 777-300 ER,,,,,,,,3de9141a-dcde-4de4-b3b0-922b8a3934bc,a0b83fd3-dea9-4db2-a20a-cf6b63e1b6af,5a2a51a0-1a5b-42c9-b220-c61953fac034,548d409f-68f7-4450-aaaf-87133919af6d,,78eac566-1ad0-4ded-9979-9510dfde05f2
2022-06-30,THA,465,BKK,MEL,,,2,14A,false,,2022-06-30T08:40,2022-06-30T09:00,,,,,2022-06-30T20:30,2022-06-30T20:26,Boeing 777-300 ER,,,,,,,,9f2d2b50-c821-4979-a78d-83d5a70b60d7,a0b83fd3-dea9-4db2-a20a-cf6b63e1b6af,548d409f-68f7-4450-aaaf-87133919af6d,abdb643a-f7ba-4564-a003-40b64a7a01b2,,78eac566-1ad0-4ded-9979-9510dfde05f2
2022-07-30,RXA,18,MEL,SYD,4,12,2,A52,false,,2022-07-30T07:00,2022-07-30T06:57:26,,,,,2022-07-30T08:30,2022-07-30T08:30,Boeing 737-800,,,,,,,,1057814f-330c-4387-a214-84e99cf441d1,b261eb87-a6d2-41b6-bb76-474e964d6caa,abdb643a-f7ba-4564-a003-40b64a7a01b2,958827d6-30b4-4f21-9da2-e2e5c43635d0,,4f7a0cdc-f82f-4544-9e7b-f49a80b8463a
2022-07-31,JST,501,SYD,MEL,2,A33,4,44,false,,2022-07-31T06:00,2022-07-31T06:00,,,,,2022-07-31T07:40,2022-07-31T07:32,Airbus A320,,,,,,,,e754af4c-ee65-49df-a317-50c3ae725b80,268ac079-2a87-4263-9ea7-45abb07d3405,958827d6-30b4-4f21-9da2-e2e5c43635d0,abdb643a-f7ba-4564-a003-40b64a7a01b2,,dd390a1f-e92a-4411-ab72-04db16d42030
2022-08-24,VOZ,1031,MEL,MCY,3,5,,5,false,,2022-08-24T09:40,2022-08-24T09:41,,,,,2022-08-24T12:00,2022-08-24T11:56,Boeing 737-800,,,,,,,,3a3da6a4-e2f7-4de8-afe9-376cf83966ce,2b596251-7ba3-4470-a4bf-845085839443,abdb643a-f7ba-4564-a003-40b64a7a01b2,e6033f61-a127-4782-9768-cf8a8abe6274,,8ad8530e-acd0-42bf-abc5-1e70c4a076bf
2022-08-28,VOZ,1040,MCY,MEL,,5,3,3,false,,2022-08-28T14:50,2022-08-28T14:54,,,,,2022-08-28T17:20,2022-08-28T17:22,Boeing 737-800,,,,,,,,6e5127c5-ae91-4b82-aae6-a4d0d44fc30b,2b596251-7ba3-4470-a4bf-845085839443,e6033f61-a127-4782-9768-cf8a8abe6274,abdb643a-f7ba-4564-a003-40b64a7a01b2,,8ad8530e-acd0-42bf-abc5-1e70c4a076bf
2022-10-06,QFA,472,MEL,SYD,1,4,3,4,false,,2022-10-06T19:30,2022-10-06T19:47,,,,,2022-10-06T20:55,,Boeing 737-800,,,,,,,,b8557143-4fc0-4568-af1b-56bf8f324cfa,ead75665-81f4-41bb-afc7-f213077b2846,abdb643a-f7ba-4564-a003-40b64a7a01b2,958827d6-30b4-4f21-9da2-e2e5c43635d0,,4f7a0cdc-f82f-4544-9e7b-f49a80b8463a
2022-10-09,QFA,445,SYD,MEL,3,10,1,23,false,,2022-10-09T13:00,2022-10-09T13:37,,,,,2022-10-09T14:35,,Airbus A330-200,,,,,,,,65e2273a-1211-483f-8316-84a35de00e88,ead75665-81f4-41bb-afc7-f213077b2846,958827d6-30b4-4f21-9da2-e2e5c43635d0,abdb643a-f7ba-4564-a003-40b64a7a01b2,,e492cf0a-cb5c-4d2d-8102-ac650906e9d5
2022-10-22,JST,664,MEL,AYQ,4,52,,,false,,2022-10-22T09:20,2022-10-22T09:27,,,,,2022-10-22T10:55,,Airbus A320,,,,,,,,bd76f3d4-248b-4194-8bf3-fe028586551b,268ac079-2a87-4263-9ea7-45abb07d3405,abdb643a-f7ba-4564-a003-40b64a7a01b2,8c118ff1-6867-4cb8-9bb8-2f37489144c3,,5abf9f45-a4ac-48dc-bd62-b6b0a6f31bb8
2022-10-23,JST,665,AYQ,MEL,,,4,52,false,,2022-10-23T11:35,2022-10-23T11:31,,,,,2022-10-23T15:45,,Airbus A320,,,,,,,,bbfb07ec-3d44-479e-be1e-667666c7a2bb,268ac079-2a87-4263-9ea7-45abb07d3405,8c118ff1-6867-4cb8-9bb8-2f37489144c3,abdb643a-f7ba-4564-a003-40b64a7a01b2,,5abf9f45-a4ac-48dc-bd62-b6b0a6f31bb8
2022-10-27,QFA,410,MEL,SYD,1,8,3,1,false,,2022-10-27T07:00,2022-10-27T06:59,,,,,2022-10-27T08:25,2022-10-27T08:19,Boeing 737-800,,,,,,,,8df450e9-cb05-4eb7-89a5-88e50ae81ca8,ead75665-81f4-41bb-afc7-f213077b2846,abdb643a-f7ba-4564-a003-40b64a7a01b2,958827d6-30b4-4f21-9da2-e2e5c43635d0,,8ad8530e-acd0-42bf-abc5-1e70c4a076bf
2022-10-28,QFA,405,SYD,MEL,3,11,1,23,false,,2022-10-28T06:30,2022-10-28T06:34,,,,,2022-10-28T08:05,,Airbus A330-200,,,,,,,,a8ae2c4f-0478-46df-9cb4-91d2779ceeca,ead75665-81f4-41bb-afc7-f213077b2846,958827d6-30b4-4f21-9da2-e2e5c43635d0,abdb643a-f7ba-4564-a003-40b64a7a01b2,,e492cf0a-cb5c-4d2d-8102-ac650906e9d5
2022-11-12,JST,942,MEL,CNS,4,50,2,,false,,2022-11-12T06:15,2022-11-12T06:14,,,,,2022-11-12T08:30,2022-11-12T08:28,Airbus A320,,,,,,,,d0d57394-de27-4700-986b-cff2ebb60fae,268ac079-2a87-4263-9ea7-45abb07d3405,abdb643a-f7ba-4564-a003-40b64a7a01b2,a9a7edde-dc66-4e93-93fd-2cccf1db8c10,,5abf9f45-a4ac-48dc-bd62-b6b0a6f31bb8
2022-11-15,SSQ,2349,CNS,TSV,2,,,,false,,2022-11-15T17:45,2022-11-15T17:50,,,,,2022-11-15T18:40,2022-11-15T18:42,DHC-8-400 Dash 8Q,,,,,,,,a66d2cdb-6a97-4fd1-b237-3459ecff8fb8,b53ef3be-a7dc-4892-a4c1-f6e449a94971,a9a7edde-dc66-4e93-93fd-2cccf1db8c10,324eabc9-9baf-43cb-a6c6-3d4d9911812a,,59b23fcb-b36b-49f7-9fb9-b1dc2a1a47d1
2022-11-15,JST,917,TSV,MEL,,,4,42,false,,2022-11-15T20:20,2022-11-15T20:34,,,,,2022-11-16T00:15,,Airbus A320,,,,,,,,a1e2481b-ca40-438c-a641-2d1600d7f1b8,268ac079-2a87-4263-9ea7-45abb07d3405,324eabc9-9baf-43cb-a6c6-3d4d9911812a,abdb643a-f7ba-4564-a003-40b64a7a01b2,,5abf9f45-a4ac-48dc-bd62-b6b0a6f31bb8
2022-12-01,QFA,486,MEL,SYD,1,6,3,5,false,,2022-12-01T19:00,2022-12-01T19:29,,,,,2022-12-01T20:25,,Boeing 737-800,,,,,,,,29a625c8-6c3c-44cd-8981-1a3787297792,ead75665-81f4-41bb-afc7-f213077b2846,abdb643a-f7ba-4564-a003-40b64a7a01b2,958827d6-30b4-4f21-9da2-e2e5c43635d0,,4f7a0cdc-f82f-4544-9e7b-f49a80b8463a
2022-12-04,QFA,487,SYD,MEL,3,12,1,8,false,,2022-12-04T19:00,2022-12-04T19:56,,,,,2022-12-04T20:35,,Boeing 737-800,,,,,,,,930dc30a-7f22-4a29-b3a0-d62b0e42b301,ead75665-81f4-41bb-afc7-f213077b2846,958827d6-30b4-4f21-9da2-e2e5c43635d0,abdb643a-f7ba-4564-a003-40b64a7a01b2,,4f7a0cdc-f82f-4544-9e7b-f49a80b8463a
2022-12-31,QFA,410,MEL,SYD,1,21,3,10,false,,2022-12-31T07:00,2022-12-31T07:13,,,,,2022-12-31T08:25,,Airbus A330-200,,,,,,,,1ad057e9-5bb0-41fc-988b-f2cf5c261110,ead75665-81f4-41bb-afc7-f213077b2846,abdb643a-f7ba-4564-a003-40b64a7a01b2,958827d6-30b4-4f21-9da2-e2e5c43635d0,,e492cf0a-cb5c-4d2d-8102-ac650906e9d5
2023-01-01,JST,203,SYD,AKL,1,58,I,,false,,2023-01-01T19:50,2023-01-01T21:12,,,,,2023-01-02T01:00,2023-01-02T02:18,Airbus A320,,,,,,,,8c6ef68b-729e-47b0-b227-7b711cd6df35,268ac079-2a87-4263-9ea7-45abb07d3405,958827d6-30b4-4f21-9da2-e2e5c43635d0,0b50fa2a-bab6-44c2-bcd8-678f40d15369,,dd390a1f-e92a-4411-ab72-04db16d42030
2023-01-06,JST,299,AKL,ZQN,D,23,,,false,,2023-01-06T18:25,2023-01-06T18:27,,,,,2023-01-06T20:20,2023-01-06T20:15,Airbus A320,,,,,,,,2ce989de-77b6-460f-9e72-867c381b4cde,268ac079-2a87-4263-9ea7-45abb07d3405,0b50fa2a-bab6-44c2-bcd8-678f40d15369,0684ec0e-277c-4ba5-9c6a-7e26d97e0584,,dd390a1f-e92a-4411-ab72-04db16d42030
2023-01-17,QFA,132,CHC,MEL,,,2,20,false,,2023-01-17T06:05,2023-01-17T06:06,,,,,2023-01-17T08:00,,Boeing 737-800,,,,,,,,125603c9-225f-4414-8aea-b46441028a77,ead75665-81f4-41bb-afc7-f213077b2846,62e695b2-b084-4703-b1a7-5dec09396c9b,abdb643a-f7ba-4564-a003-40b64a7a01b2,,8ad8530e-acd0-42bf-abc5-1e70c4a076bf
2023-01-22,VOZ,679,MEL,PER,3,10,1,145,false,,2023-01-22T09:15,2023-01-22T09:15,,,,,2023-01-22T10:30,2023-01-22T10:18:25,Boeing 737-800,,,,,,,,cca7a28b-ebde-4d14-b231-0b9dc3f891c7,2b596251-7ba3-4470-a4bf-845085839443,abdb643a-f7ba-4564-a003-40b64a7a01b2,588c8a66-4181-43a9-a1a6-cae60c1dd20c,,8ad8530e-acd0-42bf-abc5-1e70c4a076bf
2023-01-25,VOZ,698,PER,MEL,1,45,3,6,false,,2023-01-25T23:45,2023-01-25T23:39,,,,,2023-01-26T06:20,2023-01-26T06:16,Boeing 737-800,,,,,,,,9613d609-a5ce-4484-8d52-6f2e1e8d03a1,2b596251-7ba3-4470-a4bf-845085839443,588c8a66-4181-43a9-a1a6-cae60c1dd20c,abdb643a-f7ba-4564-a003-40b64a7a01b2,,8ad8530e-acd0-42bf-abc5-1e70c4a076bf
2023-01-26,VOZ,1362,MEL,LST,3,6,,4,false,,2023-01-26T08:30,2023-01-26T08:30,,,,,2023-01-26T09:35,2023-01-26T09:29,Boeing 737-800,,,,,,,,2cffceb4-829d-4f29-a10d-c237b7187c9c,2b596251-7ba3-4470-a4bf-845085839443,abdb643a-f7ba-4564-a003-40b64a7a01b2,f6cf18dd-5d91-445a-9ebe-73a8e4a6219b,,8ad8530e-acd0-42bf-abc5-1e70c4a076bf
2023-01-29,JST,714,HBA,MEL,D,,4,46,false,,2023-01-29T21:30,2023-01-29T21:54:38,,,,,2023-01-29T22:45,,Airbus A321neo,,,,,,,,d582c8d5-b947-44c8-9bb7-ff4be442c8f7,268ac079-2a87-4263-9ea7-45abb07d3405,23990040-c8f2-414b-8fd7-705e6f4bc589,abdb643a-f7ba-4564-a003-40b64a7a01b2,,2e99cd6b-cec7-4ec7-a85e-dbc2b5e25a8f
2023-01-30,QFA,414,MEL,SYD,1,3,3,1,false,,2023-01-30T07:30,2023-01-30T07:38,,,,,2023-01-30T08:55,,Boeing 737-800,,,,,,,,916e528c-ac8e-495a-bcbd-3cdd4d4f38e1,ead75665-81f4-41bb-afc7-f213077b2846,abdb643a-f7ba-4564-a003-40b64a7a01b2,958827d6-30b4-4f21-9da2-e2e5c43635d0,,4f7a0cdc-f82f-4544-9e7b-f49a80b8463a
2023-02-02,QFA,487,SYD,MEL,3,9,1,7,false,,2023-02-02T19:00,2023-02-02T19:27,,,,,2023-02-02T20:35,,Boeing 737-800,,,,,,,,df92c4ec-f6f0-4ed4-9bd6-a3c82bb4f17a,ead75665-81f4-41bb-afc7-f213077b2846,958827d6-30b4-4f21-9da2-e2e5c43635d0,abdb643a-f7ba-4564-a003-40b64a7a01b2,,8ad8530e-acd0-42bf-abc5-1e70c4a076bf
2023-02-06,QFA,406,MEL,SYD,1,6,3,5,false,,2023-02-06T06:30,2023-02-06T06:30,,,,,2023-02-06T07:55,2023-02-06T07:55,Boeing 737-800,,,,,,,,2807b0f7-493d-4568-94c4-eb23a3140a93,ead75665-81f4-41bb-afc7-f213077b2846,abdb643a-f7ba-4564-a003-40b64a7a01b2,958827d6-30b4-4f21-9da2-e2e5c43635d0,,8ad8530e-acd0-42bf-abc5-1e70c4a076bf
2023-02-08,QFA,493,SYD,MEL,3,13,1,1,false,,2023-02-08T20:00,2023-02-08T20:09,,,,,2023-02-08T21:35,,Boeing 737-800,,,,,,,,d09149f3-d68a-4f90-90be-fd21144797b7,ead75665-81f4-41bb-afc7-f213077b2846,958827d6-30b4-4f21-9da2-e2e5c43635d0,abdb643a-f7ba-4564-a003-40b64a7a01b2,,8ad8530e-acd0-42bf-abc5-1e70c4a076bf
2023-02-13,QFA,412,MEL,SYD,1,10,3,3,false,,2023-02-13T07:25,2023-02-13T07:46,,,,,2023-02-13T08:50,,Boeing 737-800,,,,,,,,b0949a44-84af-409b-8b88-8b9d9307a72e,ead75665-81f4-41bb-afc7-f213077b2846,abdb643a-f7ba-4564-a003-40b64a7a01b2,958827d6-30b4-4f21-9da2-e2e5c43635d0,,8ad8530e-acd0-42bf-abc5-1e70c4a076bf
2023-02-16,QFA,471,SYD,MEL,3,6,1,8,false,,2023-02-16T17:00,2023-02-16T17:29,,,,,2023-02-16T18:35,,Boeing 737-800,,,,,,,,3bcbf7f3-6a6f-4c2c-b242-b0bc7e2426d2,ead75665-81f4-41bb-afc7-f213077b2846,958827d6-30b4-4f21-9da2-e2e5c43635d0,abdb643a-f7ba-4564-a003-40b64a7a01b2,,8ad8530e-acd0-42bf-abc5-1e70c4a076bf
2023-02-20,QFA,412,MEL,SYD,1,,3,T3G,true,,2023-02-20T07:25,,,,,,2023-02-20T08:50,,Boeing 737-800,,,,,,,,259c9435-5e9a-4a3a-938e-6305d961c208,ead75665-81f4-41bb-afc7-f213077b2846,abdb643a-f7ba-4564-a003-40b64a7a01b2,958827d6-30b4-4f21-9da2-e2e5c43635d0,,4f7a0cdc-f82f-4544-9e7b-f49a80b8463a
2023-02-22,QFA,483,SYD,MEL,3,6,1,11,false,,2023-02-22T18:30,2023-02-22T18:35,,,,,2023-02-22T20:05,,Boeing 737-800,,,,,,,,d8a68a7d-6c96-4871-aa07-e3ca0dd176fa,ead75665-81f4-41bb-afc7-f213077b2846,958827d6-30b4-4f21-9da2-e2e5c43635d0,abdb643a-f7ba-4564-a003-40b64a7a01b2,,8ad8530e-acd0-42bf-abc5-1e70c4a076bf
2023-02-27,QFA,412,MEL,SYD,1,6,3,12,false,,2023-02-27T07:25,2023-02-27T07:31,,,,,2023-02-27T08:50,2023-02-27T08:50,Boeing 737-800,,,,,,,,acd3d798-987b-459a-81df-1205b699cd80,ead75665-81f4-41bb-afc7-f213077b2846,abdb643a-f7ba-4564-a003-40b64a7a01b2,958827d6-30b4-4f21-9da2-e2e5c43635d0,,8ad8530e-acd0-42bf-abc5-1e70c4a076bf
2023-03-01,QFA,481,SYD,MEL,3,4,1,9,false,,2023-03-01T18:15,2023-03-01T18:43,,,,,2023-03-01T19:50,,Boeing 737-800,,,,,,,,fd0da603-2b52-46de-915f-e7e8d3b9cbe9,ead75665-81f4-41bb-afc7-f213077b2846,958827d6-30b4-4f21-9da2-e2e5c43635d0,abdb643a-f7ba-4564-a003-40b64a7a01b2,,8ad8530e-acd0-42bf-abc5-1e70c4a076bf
2023-03-06,QFA,418,MEL,SYD,1,11,3,10,false,,2023-03-06T08:00,2023-03-06T08:10,,,,,2023-03-06T09:25,,Airbus A330-200,,,,,,,,05f25026-68e8-4292-9efb-7f52a8fcb415,ead75665-81f4-41bb-afc7-f213077b2846,abdb643a-f7ba-4564-a003-40b64a7a01b2,958827d6-30b4-4f21-9da2-e2e5c43635d0,,e492cf0a-cb5c-4d2d-8102-ac650906e9d5
2023-03-07,QFA,499,SYD,MEL,3,10,1,23,false,,2023-03-07T22:00,2023-03-07T22:10,,,,,2023-03-07T23:35,,Airbus A330-300,,,,,,,,0e0d143f-1c5c-4e73-b0e7-3260caf4f8ba,ead75665-81f4-41bb-afc7-f213077b2846,958827d6-30b4-4f21-9da2-e2e5c43635d0,abdb643a-f7ba-4564-a003-40b64a7a01b2,,6eab475b-ae92-46cd-a1b8-66937c85f7cc
2023-03-16,QFA,695,MEL,ADL,1,9,1,22,false,,2023-03-16T19:15,2023-03-16T19:37,,,,,2023-03-16T20:05,,Boeing 737-800,,,,,,,,5f5bc1f6-426b-4467-a99d-e8c712137da0,ead75665-81f4-41bb-afc7-f213077b2846,abdb643a-f7ba-4564-a003-40b64a7a01b2,1c7e3065-d898-47d3-ab7f-7c1dbc15ca9e,,8ad8530e-acd0-42bf-abc5-1e70c4a076bf
2023-03-19,QFA,752,ADL,SYD,1,21,3,12,false,,2023-03-19T20:05,2023-03-19T20:03,,,,,2023-03-19T22:30,,Boeing 737-800,,,,,,,,55a57100-45ee-4ac6-aa03-fa0854ed51bc,ead75665-81f4-41bb-afc7-f213077b2846,1c7e3065-d898-47d3-ab7f-7c1dbc15ca9e,958827d6-30b4-4f21-9da2-e2e5c43635d0,,8ad8530e-acd0-42bf-abc5-1e70c4a076bf
2023-03-22,QFA,475,SYD,MEL,3,8,1,23,false,,2023-03-22T17:30,2023-03-22T17:42,,,,,2023-03-22T19:05,,Boeing 737-800,,,,,,,,99ac0187-8cd6-4a07-bd8b-228d6918c63e,ead75665-81f4-41bb-afc7-f213077b2846,958827d6-30b4-4f21-9da2-e2e5c43635d0,abdb643a-f7ba-4564-a003-40b64a7a01b2,,8ad8530e-acd0-42bf-abc5-1e70c4a076bf
2023-03-27,QFA,412,MEL,SYD,1,7,3,3,false,,2023-03-27T07:15,2023-03-27T07:39,,,,,2023-03-27T08:40,,Boeing 737-800,,,,,,,,8d07053a-f59d-46f1-92c4-832c9ce1820d,ead75665-81f4-41bb-afc7-f213077b2846,abdb643a-f7ba-4564-a003-40b64a7a01b2,958827d6-30b4-4f21-9da2-e2e5c43635d0,,8ad8530e-acd0-42bf-abc5-1e70c4a076bf
2023-03-27,QFA,475,SYD,MEL,3,5,1,4,false,,2023-03-27T17:30,2023-03-27T17:46,,,,,2023-03-27T19:05,,Boeing 737-800,,,,,,,,30600698-6c0b-48e0-939a-26ee457365b8,ead75665-81f4-41bb-afc7-f213077b2846,958827d6-30b4-4f21-9da2-e2e5c43635d0,abdb643a-f7ba-4564-a003-40b64a7a01b2,,8ad8530e-acd0-42bf-abc5-1e70c4a076bf
2023-03-29,QFA,485,SYD,MEL,3,1,1,7,false,,2023-03-29T18:45,2023-03-29T20:07,,,,,2023-03-29T20:20,,Boeing 737-800,,,,,,,,a546ffd8-f3e6-4986-9b85-0a856e9e29e3,ead75665-81f4-41bb-afc7-f213077b2846,958827d6-30b4-4f21-9da2-e2e5c43635d0,abdb643a-f7ba-4564-a003-40b64a7a01b2,,4f7a0cdc-f82f-4544-9e7b-f49a80b8463a
2023-04-03,QFA,422,MEL,SYD,1,21,3,4,false,,2023-04-03T08:30,2023-04-03T08:46:26,,,,,2023-04-03T09:55,,Airbus A330-200,,,,,,,,b06af3cb-c964-4d2d-a718-2e68d076b570,ead75665-81f4-41bb-afc7-f213077b2846,abdb643a-f7ba-4564-a003-40b64a7a01b2,958827d6-30b4-4f21-9da2-e2e5c43635d0,,b592e11d-fad7-492c-9c29-998f09eed93e
2023-04-05,QFA,485,SYD,MEL,3,1,1,24,false,,2023-04-05T18:45,2023-04-05T19:06,,,,,2023-04-05T20:20,,Boeing 737-800,,,,,,,,2073551d-0439-4b67-a853-b34993bc7b1e,ead75665-81f4-41bb-afc7-f213077b2846,958827d6-30b4-4f21-9da2-e2e5c43635d0,abdb643a-f7ba-4564-a003-40b64a7a01b2,,4f7a0cdc-f82f-4544-9e7b-f49a80b8463a
2023-04-10,QFA,486,MEL,SYD,1,3,3,3,false,,2023-04-10T19:00,2023-04-10T19:00,,,,,2023-04-10T20:25,2023-04-10T20:25,Boeing 737-800,,,,,,,,3175136b-f165-44e8-a02f-3ef179aed82a,ead75665-81f4-41bb-afc7-f213077b2846,abdb643a-f7ba-4564-a003-40b64a7a01b2,958827d6-30b4-4f21-9da2-e2e5c43635d0,,8ad8530e-acd0-42bf-abc5-1e70c4a076bf
2023-04-13,QFA,415,SYD,MEL,3,5,1,7,false,,2023-04-13T07:30,2023-04-13T08:03,,,,,2023-04-13T09:05,,Boeing 737-800,,,,,,,,6d873536-bc84-48f6-8554-4670e1285e2f,ead75665-81f4-41bb-afc7-f213077b2846,958827d6-30b4-4f21-9da2-e2e5c43635d0,abdb643a-f7ba-4564-a003-40b64a7a01b2,,8ad8530e-acd0-42bf-abc5-1e70c4a076bf
2023-04-17,QFA,414,MEL,SYD,1,23,3,10,false,,2023-04-17T07:30,2023-04-17T07:36,,,,,2023-04-17T08:55,2023-04-17T08:55,Airbus A330-200,,,,,,,,2103fa7b-1b62-4e5b-90d4-4fedfe0c1377,ead75665-81f4-41bb-afc7-f213077b2846,abdb643a-f7ba-4564-a003-40b64a7a01b2,958827d6-30b4-4f21-9da2-e2e5c43635d0,,b592e11d-fad7-492c-9c29-998f09eed93e
2023-04-26,QFA,485,SYD,MEL,3,8,1,1,false,,2023-04-26T18:45,2023-04-26T19:30,,,,,2023-04-26T20:20,,Boeing 737-800,,,,,,,,9f3e777c-4e34-431c-82db-3f1c0d1eced6,ead75665-81f4-41bb-afc7-f213077b2846,958827d6-30b4-4f21-9da2-e2e5c43635d0,abdb643a-f7ba-4564-a003-40b64a7a01b2,,8ad8530e-acd0-42bf-abc5-1e70c4a076bf
2023-05-01,QFA,414,MEL,SYD,1,21,3,11,false,,2023-05-01T07:30,2023-05-01T07:48,,,,,2023-05-01T08:55,,Airbus A330-200,,,,,,,,6140227c-325d-41f8-84b2-409bd7ac777f,ead75665-81f4-41bb-afc7-f213077b2846,abdb643a-f7ba-4564-a003-40b64a7a01b2,958827d6-30b4-4f21-9da2-e2e5c43635d0,,b592e11d-fad7-492c-9c29-998f09eed93e
2023-05-05,JST,402,SYD,OOL,2,A56,1,,false,,2023-05-05T07:00,2023-05-05T07:17,,,,,2023-05-05T08:20,2023-05-05T08:41,Airbus A320,,,,,,,,756f0509-5059-41d1-8fcf-e8833744da6d,268ac079-2a87-4263-9ea7-45abb07d3405,958827d6-30b4-4f21-9da2-e2e5c43635d0,40b8c35a-f5e7-494a-8a37-d68a850c0ffb,,dd390a1f-e92a-4411-ab72-04db16d42030
2023-05-07,VOZ,344,BNE,MEL,D,40B,3,11,false,,2023-05-07T17:35,2023-05-07T17:38,,,,,2023-05-07T20:00,2023-05-07T20:13,Boeing 737-700,,,,,,,,6fb36eee-bc3b-4719-af93-34d7292f7a58,2b596251-7ba3-4470-a4bf-845085839443,d0a07fb4-918a-4e7f-aeb2-3efb7649214a,abdb643a-f7ba-4564-a003-40b64a7a01b2,,886c3a0c-c7a3-4205-982f-35cddc765ae1
2023-05-21,QFA,448,MEL,SYD,1,4,3,6,false,,2023-05-21T14:00,2023-05-21T14:11,,,,,2023-05-21T15:25,2023-05-21T15:25,Boeing 737-800,,,,,,,,d6fb0fc4-155c-4dd7-a521-5520887d1bfd,ead75665-81f4-41bb-afc7-f213077b2846,abdb643a-f7ba-4564-a003-40b64a7a01b2,958827d6-30b4-4f21-9da2-e2e5c43635d0,,8ad8530e-acd0-42bf-abc5-1e70c4a076bf
2023-05-24,QFA,483,SYD,MEL,3,9,1,11,false,,2023-05-24T18:30,2023-05-24T18:27,,,,,2023-05-24T20:05,,Boeing 737-800,,,,,,,,9af42c31-33a4-4312-adbb-5373d16276db,ead75665-81f4-41bb-afc7-f213077b2846,958827d6-30b4-4f21-9da2-e2e5c43635d0,abdb643a-f7ba-4564-a003-40b64a7a01b2,,8ad8530e-acd0-42bf-abc5-1e70c4a076bf
2023-05-29,QFA,414,MEL,SYD,1,11,3,11,false,,2023-05-29T07:30,2023-05-29T07:35,,,,,2023-05-29T08:55,2023-05-29T08:56,Airbus A330-200,,,,,,,,af5e047f-0589-4c21-8ad0-8e76c9481c8e,ead75665-81f4-41bb-afc7-f213077b2846,abdb643a-f7ba-4564-a003-40b64a7a01b2,958827d6-30b4-4f21-9da2-e2e5c43635d0,,b592e11d-fad7-492c-9c29-998f09eed93e
2023-06-01,QFA,409,SYD,MEL,3,1,1,6,false,,2023-06-01T07:00,2023-06-01T07:09,,,,,2023-06-01T08:35,,Boeing 737-800,,,,,,,,dcdc425c-3e84-4487-8012-b81cc8e4c398,ead75665-81f4-41bb-afc7-f213077b2846,958827d6-30b4-4f21-9da2-e2e5c43635d0,abdb643a-f7ba-4564-a003-40b64a7a01b2,,8ad8530e-acd0-42bf-abc5-1e70c4a076bf
2023-06-05,QFA,414,MEL,SYD,1,12,3,10,false,,2023-06-05T07:30,2023-06-05T07:34,,,,,2023-06-05T08:55,,Airbus A330-200,,,,,,,,0d5f2f63-0292-4e15-b0c8-899ea9730135,ead75665-81f4-41bb-afc7-f213077b2846,abdb643a-f7ba-4564-a003-40b64a7a01b2,958827d6-30b4-4f21-9da2-e2e5c43635d0,,b592e11d-fad7-492c-9c29-998f09eed93e
2023-06-07,QFA,475,SYD,MEL,3,6,1,8,false,,2023-06-07T17:30,2023-06-07T17:35,,,,,2023-06-07T19:05,,Boeing 737-800,,,,,,,,84181723-ed76-4f87-b346-175706ab2d2f,ead75665-81f4-41bb-afc7-f213077b2846,958827d6-30b4-4f21-9da2-e2e5c43635d0,abdb643a-f7ba-4564-a003-40b64a7a01b2,,8ad8530e-acd0-42bf-abc5-1e70c4a076bf
2023-06-08,QFA,781,MEL,PER,1,23,4,14,false,,2023-06-08T19:55,2023-06-08T19:58,,,,,2023-06-08T22:05,,Airbus A330-200,,,,,,,,e11d2395-ea0d-4d06-beee-c144a0825646,ead75665-81f4-41bb-afc7-f213077b2846,abdb643a-f7ba-4564-a003-40b64a7a01b2,588c8a66-4181-43a9-a1a6-cae60c1dd20c,,e492cf0a-cb5c-4d2d-8102-ac650906e9d5
2023-06-12,QFA,764,PER,MEL,4,13,1,21,false,,2023-06-12T23:45,2023-06-13T00:02,,,,,2023-06-13T05:15,,Airbus A330-200,,,,,,,,4e39ad1a-c57c-4d72-b746-607d02ee2232,ead75665-81f4-41bb-afc7-f213077b2846,588c8a66-4181-43a9-a1a6-cae60c1dd20c,abdb643a-f7ba-4564-a003-40b64a7a01b2,,b592e11d-fad7-492c-9c29-998f09eed93e
2023-06-13,QFA,406,MEL,SYD,1,24,3,7,false,,2023-06-13T06:30,2023-06-13T06:29,,,,,2023-06-13T07:55,2023-06-13T07:55,Boeing 737-800,,,,,,,,14660686-1d5a-4ad5-a049-9e063b953485,ead75665-81f4-41bb-afc7-f213077b2846,abdb643a-f7ba-4564-a003-40b64a7a01b2,958827d6-30b4-4f21-9da2-e2e5c43635d0,,8ad8530e-acd0-42bf-abc5-1e70c4a076bf
2023-06-16,QFA,433,SYD,MEL,3,2,1,8,false,,2023-06-16T10:00,2023-06-16T10:25,,,,,2023-06-16T11:35,,Boeing 737-800,,,,,,,,7cea7c0c-8b0b-4054-a059-fb1ee603ff39,ead75665-81f4-41bb-afc7-f213077b2846,958827d6-30b4-4f21-9da2-e2e5c43635d0,abdb643a-f7ba-4564-a003-40b64a7a01b2,,4f7a0cdc-f82f-4544-9e7b-f49a80b8463a
2023-07-02,JST,35,MEL,DPS,2,,I,,false,,2023-07-02T17:40,2023-07-02T17:53,,,,,2023-07-02T21:45,,Airbus A321neo,,,,,,,,7b989ad0-169e-4801-8368-3c0f1c1d6873,268ac079-2a87-4263-9ea7-45abb07d3405,abdb643a-f7ba-4564-a003-40b64a7a01b2,1894a933-e86f-4202-8ba9-fd44f73ae562,,2e99cd6b-cec7-4ec7-a85e-dbc2b5e25a8f
2023-07-08,JSA,242,DPS,SIN,I,,4,,false,,2023-07-08T14:25,2023-07-08T14:33,,,,,2023-07-08T17:10,2023-07-08T17:21,Airbus A320,,,,,,,,1d87f47c-ead5-4e9a-b642-a8db50e3af3d,1ebd4b8b-55d3-4298-b8b2-11b5aac1e5f8,1894a933-e86f-4202-8ba9-fd44f73ae562,0408c509-a410-4361-806b-eebecfea9bc1,,dd390a1f-e92a-4411-ab72-04db16d42030
2023-07-08,FJI,360,SIN,NAN,1,D41,,,false,,2023-07-08T20:55,2023-07-08T21:01,,,,,2023-07-09T11:05,2023-07-09T11:06,Airbus A330-200,,,,,,,,c530352c-da3f-4bfa-a154-bdcd250b898c,21cd37aa-adda-4240-8f48-882ce463bab7,0408c509-a410-4361-806b-eebecfea9bc1,fbdbacbe-5ded-402d-b0fa-a52fcc7eaa4b,,b592e11d-fad7-492c-9c29-998f09eed93e
2023-07-15,FJI,261,NAN,VLI,,,,,false,,2023-07-15T14:20,2023-07-15T14:56,,,,,2023-07-15T15:55,,ATR 72,,,,,,,,d861ef7d-cb11-413f-b064-b4bd5a27064d,21cd37aa-adda-4240-8f48-882ce463bab7,fbdbacbe-5ded-402d-b0fa-a52fcc7eaa4b,bb8b9e33-852d-4b42-ae62-861ad12f1a53,,00069458-a1cb-42ac-889d-8c259cc8e679
2023-07-17,ACI,231,VLI,NOU,,,,,false,,2023-07-17T11:00,2023-07-17T11:08,,,,,2023-07-17T12:05,2023-07-17T12:11,Airbus A320neo,,,,,,,,5a130d52-58f9-433e-869d-03bf9516bc2a,0d0e3856-0ffb-4bee-a6af-4f93b7e37a10,bb8b9e33-852d-4b42-ae62-861ad12f1a53,92905c9b-31a5-44eb-b516-b454ab6b62ec,,fc3bd268-833c-40f4-a74c-9512dabcbe08
2023-07-22,QFA,92,NOU,SYD,,,1,25,false,,2023-07-22T11:50,2023-07-22T11:23,,,,,2023-07-22T14:10,2023-07-22T14:10,Boeing 737-800,,,,,,,,fe90559c-fb39-4c68-850b-685512bb9fe7,ead75665-81f4-41bb-afc7-f213077b2846,92905c9b-31a5-44eb-b516-b454ab6b62ec,958827d6-30b4-4f21-9da2-e2e5c43635d0,,8ad8530e-acd0-42bf-abc5-1e70c4a076bf
2023-07-22,QFA,471,SYD,MEL,3,10,1,23,false,,2023-07-22T17:00,2023-07-22T17:04,,,,,2023-07-22T18:35,,Airbus A330-200,,,,,,,,561c5ddc-c3c6-44d3-a7fc-e76a4b4df110,ead75665-81f4-41bb-afc7-f213077b2846,958827d6-30b4-4f21-9da2-e2e5c43635d0,abdb643a-f7ba-4564-a003-40b64a7a01b2,,b592e11d-fad7-492c-9c29-998f09eed93e
2023-07-24,QFA,604,MEL,BNE,1,22,D,20,false,,2023-07-24T07:05,2023-07-24T07:07,,,,,2023-07-24T09:15,2023-07-24T09:21,Boeing 737-800,,,,,,,,45ff50d9-3ebf-4c89-b540-5b817d08327f,ead75665-81f4-41bb-afc7-f213077b2846,abdb643a-f7ba-4564-a003-40b64a7a01b2,d0a07fb4-918a-4e7f-aeb2-3efb7649214a,,8ad8530e-acd0-42bf-abc5-1e70c4a076bf
2023-07-27,QFA,627,BNE,MEL,D,19,1,4,false,,2023-07-27T16:15,2023-07-27T16:21,,,,,2023-07-27T18:40,,Boeing 737-800,,,,,,,,86487bd0-7787-4a10-8fc2-7c8595ad221d,ead75665-81f4-41bb-afc7-f213077b2846,d0a07fb4-918a-4e7f-aeb2-3efb7649214a,abdb643a-f7ba-4564-a003-40b64a7a01b2,,8ad8530e-acd0-42bf-abc5-1e70c4a076bf
2023-08-10,QFA,624,MEL,BNE,1,1,D,18,false,,2023-08-10T16:20,2023-08-10T16:18,,,,,2023-08-10T18:30,2023-08-10T18:18,Boeing 737-800,,,,,,,,b2648e0a-d0c5-49f2-ae69-af386d2a5ca1,ead75665-81f4-41bb-afc7-f213077b2846,abdb643a-f7ba-4564-a003-40b64a7a01b2,d0a07fb4-918a-4e7f-aeb2-3efb7649214a,,8ad8530e-acd0-42bf-abc5-1e70c4a076bf
2023-08-10,QFA,990,BNE,MKY,D,23,,,false,,2023-08-10T19:15,2023-08-10T19:33,,,,,2023-08-10T20:55,,Boeing 737-800,,,,,,,,4f626aa2-21b4-443a-8e92-8c9810f0b787,ead75665-81f4-41bb-afc7-f213077b2846,d0a07fb4-918a-4e7f-aeb2-3efb7649214a,4025b816-b47a-44bb-ac45-14156235020b,,8ad8530e-acd0-42bf-abc5-1e70c4a076bf
2023-08-13,QFA,579,HTI,SYD,,,3,6,false,,2023-08-13T12:30,2023-08-13T13:53,,,,,2023-08-13T14:50,,Boeing 737-800,,,,,,,,83b25474-bd19-41d6-961f-e1a654ed6e0a,ead75665-81f4-41bb-afc7-f213077b2846,ff6f0359-9f03-42b8-8ee2-54ca9a485cd6,958827d6-30b4-4f21-9da2-e2e5c43635d0,,8ad8530e-acd0-42bf-abc5-1e70c4a076bf
2023-08-20,QFA,471,SYD,MEL,3,11,1,23,false,,2023-08-20T17:00,2023-08-20T17:07,,,,,2023-08-20T18:35,,Airbus A330-300,,,,,,,,e5085749-1e2d-4e18-992e-48aba0d4b244,ead75665-81f4-41bb-afc7-f213077b2846,958827d6-30b4-4f21-9da2-e2e5c43635d0,abdb643a-f7ba-4564-a003-40b64a7a01b2,,6eab475b-ae92-46cd-a1b8-66937c85f7cc
2023-09-14,JST,578,MEL,BNE,4,,D,25,false,,2023-09-14T18:10,2023-09-14T18:11:45,,,,,2023-09-14T20:20,2023-09-14T20:25,Airbus A320,,,,,,,,2f945843-ca5c-4cc7-8899-d742dc6e529d,268ac079-2a87-4263-9ea7-45abb07d3405,abdb643a-f7ba-4564-a003-40b64a7a01b2,d0a07fb4-918a-4e7f-aeb2-3efb7649214a,,dd390a1f-e92a-4411-ab72-04db16d42030
2023-09-17,QFA,943,BNE,PER,D,18,4,12,false,,2023-09-17T20:15,2023-09-17T20:24,,,,,2023-09-17T23:50,,Boeing 737-800,,,,,,,,eb0b2744-6548-4f66-9245-cf7e07502e68,ead75665-81f4-41bb-afc7-f213077b2846,d0a07fb4-918a-4e7f-aeb2-3efb7649214a,588c8a66-4181-43a9-a1a6-cae60c1dd20c,,8ad8530e-acd0-42bf-abc5-1e70c4a076bf
2023-09-21,QFA,778,PER,MEL,4,14,1,21,false,,2023-09-21T16:45,2023-09-21T17:01,,,,,2023-09-21T22:15,,Airbus A330-200,,,,,,,,e09287f3-0a9a-4a9e-99c3-e75193dd694c,ead75665-81f4-41bb-afc7-f213077b2846,588c8a66-4181-43a9-a1a6-cae60c1dd20c,abdb643a-f7ba-4564-a003-40b64a7a01b2,,b592e11d-fad7-492c-9c29-998f09eed93e
2023-09-29,QFA,464,MEL,SYD,1,6,3,13,false,,2023-09-29T16:15,2023-09-29T16:15,,,,,2023-09-29T17:40,2023-09-29T17:40,Boeing 737-800,,,,,,,,6d74367a-b5d7-415b-8b18-f989554ac5b3,ead75665-81f4-41bb-afc7-f213077b2846,abdb643a-f7ba-4564-a003-40b64a7a01b2,958827d6-30b4-4f21-9da2-e2e5c43635d0,,8ad8530e-acd0-42bf-abc5-1e70c4a076bf
2023-10-08,QFA,427,SYD,MEL,3,9,1,7,false,,2023-10-08T09:00,2023-10-08T09:04,,,,,2023-10-08T10:35,,Boeing 737-800,,,,,,,,dbdc525c-8b71-4658-9793-d9f3fb463386,ead75665-81f4-41bb-afc7-f213077b2846,958827d6-30b4-4f21-9da2-e2e5c43635d0,abdb643a-f7ba-4564-a003-40b64a7a01b2,,8ad8530e-acd0-42bf-abc5-1e70c4a076bf
2023-10-15,JST,654,MEL,CBR,4,45,,,false,,2023-10-15T09:30,2023-10-15T09:24:30,,,,,2023-10-15T10:35,,Airbus A320,,,,,,,,17dfe2f9-28b9-4e6f-ba5d-06b135388be1,268ac079-2a87-4263-9ea7-45abb07d3405,abdb643a-f7ba-4564-a003-40b64a7a01b2,5b78bcf0-a3f8-4a30-ade0-2d1339ffd543,,dd390a1f-e92a-4411-ab72-04db16d42030
2023-10-15,QFA,1531,CBR,MEL,,13,1,30,false,,2023-10-15T20:10,2023-10-15T21:25,,,,,2023-10-15T21:20,,Boeing 717-200,,,,,,,,0f763574-f7d0-4957-9d38-127538d84c67,ead75665-81f4-41bb-afc7-f213077b2846,5b78bcf0-a3f8-4a30-ade0-2d1339ffd543,abdb643a-f7ba-4564-a003-40b64a7a01b2,,92a68bee-2e3c-4fc9-975a-20b0d93ac3ed
2023-11-03,QFA,472,MEL,SYD,1,6,3,T3G,false,,2023-11-03T17:15,2023-11-03T17:15,,,,,2023-11-03T18:40,,Boeing 737-800,,,,,,,,b8259dc1-d3f7-4629-b7d8-8ed05a280707,ead75665-81f4-41bb-afc7-f213077b2846,abdb643a-f7ba-4564-a003-40b64a7a01b2,958827d6-30b4-4f21-9da2-e2e5c43635d0,,4f7a0cdc-f82f-4544-9e7b-f49a80b8463a
2023-11-03,QFA,842,SYD,DRW,3,T3G,,,false,,2023-11-03T20:45,2023-11-03T21:08,,,,,2023-11-03T23:45,,Boeing 737-800,,,,,,,,3b31b293-9823-4e6d-93ad-60f8e8fb5a8a,ead75665-81f4-41bb-afc7-f213077b2846,958827d6-30b4-4f21-9da2-e2e5c43635d0,5f02544b-4403-46d9-b948-d1b81968551a,,8ad8530e-acd0-42bf-abc5-1e70c4a076bf
2023-11-07,QFA,1865,DRW,MEL,,,1,22,false,,2023-11-07T12:35,2023-11-07T13:37,,,,,2023-11-07T18:15,2023-11-07T19:27,Embraer 190,,,,,,,,89555913-297c-43c9-a3a7-bf7ac75b2361,ead75665-81f4-41bb-afc7-f213077b2846,5f02544b-4403-46d9-b948-d1b81968551a,abdb643a-f7ba-4564-a003-40b64a7a01b2,,fb807099-ea21-44f1-afb3-388faab25ae3
2023-11-13,QFA,434,MEL,SYD,1,21,3,T3G,false,,2023-11-13T10:30,2023-11-13T10:30,,,,,2023-11-13T11:55,,Airbus A330-200,,,,,,,,fa07695c-ee19-4b32-9c2c-41ebbf2affbb,ead75665-81f4-41bb-afc7-f213077b2846,abdb643a-f7ba-4564-a003-40b64a7a01b2,958827d6-30b4-4f21-9da2-e2e5c43635d0,,b592e11d-fad7-492c-9c29-998f09eed93e
2023-11-14,QFA,409,SYD,MEL,3,T3G,1,1,false,,2023-11-14T07:00,2023-11-14T07:03,,,,,2023-11-14T08:35,,Boeing 737-800,,,,,,,,c779aeb0-8348-4914-a81c-70c58b77f156,ead75665-81f4-41bb-afc7-f213077b2846,958827d6-30b4-4f21-9da2-e2e5c43635d0,abdb643a-f7ba-4564-a003-40b64a7a01b2,,8ad8530e-acd0-42bf-abc5-1e70c4a076bf
2023-11-15,QFA,426,MEL,SYD,1,3,3,T3G,false,,2023-11-15T09:00,2023-11-15T09:00,,,,,2023-11-15T10:25,2023-11-15T10:25,Boeing 737-800,,,,,,,,9e30e27d-39e1-47e6-abe8-d5a6cb44d984,ead75665-81f4-41bb-afc7-f213077b2846,abdb643a-f7ba-4564-a003-40b64a7a01b2,958827d6-30b4-4f21-9da2-e2e5c43635d0,,8ad8530e-acd0-42bf-abc5-1e70c4a076bf
2023-11-15,QFA,27,SYD,SCL,1,51,2,,false,,2023-11-15T12:35,2023-11-15T12:55,,,,,2023-11-15T11:05,2023-11-15T11:00,Boeing 787-9,,,,,,,,52571327-444c-425c-8265-d883ed458750,ead75665-81f4-41bb-afc7-f213077b2846,958827d6-30b4-4f21-9da2-e2e5c43635d0,3bec8958-b68e-4e4b-9e12-cb5ccf89bc63,,c4910e5e-2c05-4d17-bc08-fa0c8c0b77d9
2023-11-17,LAN,2370,SCL,LIM,2,,,,false,,2023-11-17T05:15,2023-11-17T05:05,,,,,2023-11-17T07:00,2023-11-17T07:06,Airbus A320,,,,,,,,ac221059-d6a5-48da-89d2-170054f48e5e,ce84921d-eb9e-4443-8925-a9923a70dcd1,3bec8958-b68e-4e4b-9e12-cb5ccf89bc63,79aa7b04-9715-4c21-944b-c8ca396a37c2,,dd390a1f-e92a-4411-ab72-04db16d42030
2023-11-19,LAN,641,LIM,SCL,,22,2,,false,,2023-11-19T16:30,2023-11-19T16:22,,,,,2023-11-19T22:05,,Airbus A320,,,,,,,,a6aaca34-723d-4036-9048-75187f918749,ce84921d-eb9e-4443-8925-a9923a70dcd1,79aa7b04-9715-4c21-944b-c8ca396a37c2,3bec8958-b68e-4e4b-9e12-cb5ccf89bc63,,dd390a1f-e92a-4411-ab72-04db16d42030
2023-12-01,QFA,28,SCL,SYD,2,,1,25,false,,2023-12-01T13:30,2023-12-01T13:40,,,,,2023-12-02T17:50,,Boeing 787-9,,,,,,,,caf6a1aa-0fa6-4104-964f-8455163fc1e9,ead75665-81f4-41bb-afc7-f213077b2846,3bec8958-b68e-4e4b-9e12-cb5ccf89bc63,958827d6-30b4-4f21-9da2-e2e5c43635d0,,c4910e5e-2c05-4d17-bc08-fa0c8c0b77d9
2023-12-02,QFA,493,SYD,MEL,3,6,1,21,false,,2023-12-02T20:00,2023-12-02T20:04,,,,,2023-12-02T21:35,,Boeing 737-800,,,,,,,,2ebc3960-d22c-4135-8704-90f240e02480,ead75665-81f4-41bb-afc7-f213077b2846,958827d6-30b4-4f21-9da2-e2e5c43635d0,abdb643a-f7ba-4564-a003-40b64a7a01b2,,8ad8530e-acd0-42bf-abc5-1e70c4a076bf
2023-12-10,QFA,426,MEL,SYD,1,8,3,T3G,false,,2023-12-10T09:00,2023-12-10T09:00,,,,,2023-12-10T10:25,2023-12-10T10:25,Boeing 737-800,,,,,,,,705f6332-038c-4cd6-9c8e-c740dd757713,ead75665-81f4-41bb-afc7-f213077b2846,abdb643a-f7ba-4564-a003-40b64a7a01b2,958827d6-30b4-4f21-9da2-e2e5c43635d0,,8ad8530e-acd0-42bf-abc5-1e70c4a076bf
2023-12-10,QFA,27,SYD,SCL,1,24,2,,false,,2023-12-10T12:35,2023-12-10T14:20,,,,,2023-12-10T11:05,,Boeing 787-9,,,,,BUSINESS,,,9f7623ba-d247-4edc-80b3-714526066165,ead75665-81f4-41bb-afc7-f213077b2846,958827d6-30b4-4f21-9da2-e2e5c43635d0,3bec8958-b68e-4e4b-9e12-cb5ccf89bc63,,c4910e5e-2c05-4d17-bc08-fa0c8c0b77d9
2023-12-15,LAN,382,SCL,CJC,,,,,false,,2023-12-15T06:02,,,,,,2023-12-15T08:11,,Airbus A321,,,,,,,,4cb111f1-f0f5-4710-8ffe-1b9d879a6144,ce84921d-eb9e-4443-8925-a9923a70dcd1,3bec8958-b68e-4e4b-9e12-cb5ccf89bc63,ec78a9b8-29b8-4739-964b-94257dfc7b99,,5904cdc2-eccf-41fe-8345-e82a51d3269c
2023-12-17,LAN,383,CJC,SCL,,,,,false,,2023-12-17T21:55,,,,,,2023-12-17T23:58,,Airbus A320,,,,,,,,f34853f4-a633-4909-8413-82b9616c8b99,ce84921d-eb9e-4443-8925-a9923a70dcd1,ec78a9b8-29b8-4739-964b-94257dfc7b99,3bec8958-b68e-4e4b-9e12-cb5ccf89bc63,,dd390a1f-e92a-4411-ab72-04db16d42030
2023-12-22,QFA,28,SCL,SYD,2,,1,10,false,,2023-12-22T13:30,2023-12-22T13:29,,,,,2023-12-23T17:50,,Boeing 787-9,,,,,BUSINESS,,,07166ddd-692f-4ed2-abbe-7cd144ef0e5d,ead75665-81f4-41bb-afc7-f213077b2846,3bec8958-b68e-4e4b-9e12-cb5ccf89bc63,958827d6-30b4-4f21-9da2-e2e5c43635d0,,c4910e5e-2c05-4d17-bc08-fa0c8c0b77d9
2023-12-23,VOZ,888,SYD,MEL,2,31,3,8,false,,2023-12-23T20:00,2023-12-23T20:04,,,,,2023-12-23T21:35,2023-12-23T21:38,Boeing 737-800,,,,,,,,6ac70cf3-1023-4b7d-ab24-0b11435d6075,2b596251-7ba3-4470-a4bf-845085839443,958827d6-30b4-4f21-9da2-e2e5c43635d0,abdb643a-f7ba-4564-a003-40b64a7a01b2,,8ad8530e-acd0-42bf-abc5-1e70c4a076bf
2023-12-29,EAQ,2260,SYD,LDH,3,,,,false,,2023-12-29T07:05,2023-12-29T07:05,,,,,2023-12-29T09:10,2023-12-29T08:57,"DHC-8-200 Dash 8 ",,,,,,,,67bc7c00-63dd-4ba7-b724-1c74b1692455,5896b090-9568-4234-9d12-6971ce61e19c,958827d6-30b4-4f21-9da2-e2e5c43635d0,11913fa6-54f2-4ec4-8d7a-77fe5874aa38,,597a2edf-ac70-4a8f-b1d5-4fc3d11f7c67
2023-12-31,QFA,2263,LDH,SYD,,,3,1C,false,,2023-12-31T14:15,2023-12-31T13:46,,,,,2023-12-31T16:30,2023-12-31T16:30,"DHC-8-200 Dash 8 ",,,,,,,,ae6cb5e1-bac0-406c-8296-603f9789be81,ead75665-81f4-41bb-afc7-f213077b2846,11913fa6-54f2-4ec4-8d7a-77fe5874aa38,958827d6-30b4-4f21-9da2-e2e5c43635d0,,597a2edf-ac70-4a8f-b1d5-4fc3d11f7c67
2024-01-01,QFA,27,SYD,SCL,1,32,2,,false,,2024-01-01T12:35,2024-01-01T15:43,,,,,2024-01-01T11:05,,Boeing 787-9,,,1A,,BUSINESS,,,42176391-39ab-4863-9bb9-66d3de37f6f0,ead75665-81f4-41bb-afc7-f213077b2846,958827d6-30b4-4f21-9da2-e2e5c43635d0,3bec8958-b68e-4e4b-9e12-cb5ccf89bc63,,c4910e5e-2c05-4d17-bc08-fa0c8c0b77d9
2024-01-01,LAN,477,SCL,EZE,2,,A,,false,,2024-01-01T16:22,2024-01-01T18:57,,,,,2024-01-01T18:25,,Airbus A320,,,,,,,,204be011-669a-4ea8-89b6-7019757a44c9,ce84921d-eb9e-4443-8925-a9923a70dcd1,3bec8958-b68e-4e4b-9e12-cb5ccf89bc63,de292294-f7c0-4b76-ae80-ead515d9643c,,dd390a1f-e92a-4411-ab72-04db16d42030
2024-01-04,LAN,407,MVD,SCL,,,2,,false,,2024-01-04T18:41,2024-01-04T18:38,,,,,2024-01-04T21:15,,Airbus A320,,,,,,,,3421df35-e905-4276-84e3-ecaf50ea48df,ce84921d-eb9e-4443-8925-a9923a70dcd1,2aaed36a-5868-4cba-a493-7da4299e8f03,3bec8958-b68e-4e4b-9e12-cb5ccf89bc63,,dd390a1f-e92a-4411-ab72-04db16d42030
2024-01-05,LAN,841,SCL,IPC,,,,,false,,2024-01-05T09:35,2024-01-05T09:39,,,,,2024-01-05T12:55,,Boeing 787-9,,,,,,,,09a098bd-c42a-4e65-a56b-06eef9fc5797,ce84921d-eb9e-4443-8925-a9923a70dcd1,3bec8958-b68e-4e4b-9e12-cb5ccf89bc63,e262cb2a-4094-4968-9119-76b6bb78cab1,,c4910e5e-2c05-4d17-bc08-fa0c8c0b77d9
2024-01-07,LAN,842,IPC,SCL,,,,,false,,2024-01-07T15:00,2024-01-07T15:41,,,,,2024-01-07T21:35,,Boeing 787-9,,,,,,,,4ba1047d-f657-4b52-9fe5-c3816fa06f5a,ce84921d-eb9e-4443-8925-a9923a70dcd1,e262cb2a-4094-4968-9119-76b6bb78cab1,3bec8958-b68e-4e4b-9e12-cb5ccf89bc63,,c4910e5e-2c05-4d17-bc08-fa0c8c0b77d9
2024-01-26,LAN,436,SCL,MDZ,2,,,,false,,2024-01-26T17:31,2024-01-26T17:26,,,,,2024-01-26T18:33,,Airbus A320,,,,,,,,294f8737-2f38-4b1c-b757-e5b4160a6cf1,ce84921d-eb9e-4443-8925-a9923a70dcd1,3bec8958-b68e-4e4b-9e12-cb5ccf89bc63,4110370f-814e-4481-9145-56286b51ca7f,,dd390a1f-e92a-4411-ab72-04db16d42030
2024-01-30,ARG,1540,MDZ,COR,,5,,,false,,2024-01-30T10:15,,,,,,2024-01-30T11:20,,Embraer 190,,,,,,,,3cda6f53-3004-43ab-ab0e-9f5ff0e2f1f5,f8c9b9cb-eb80-4c07-b028-4f4eb6a09c55,4110370f-814e-4481-9145-56286b51ca7f,f1d49df1-1f3a-4944-ac16-430d970f0ee3,,fb807099-ea21-44f1-afb3-388faab25ae3
2024-02-01,ARG,1547,COR,AEP,,7,,,false,,2024-02-01T08:50,,,,,,2024-02-01T10:05,,Embraer 190,,,,,,,,77fb55b6-c5be-41ca-9089-4c1d80adf694,f8c9b9cb-eb80-4c07-b028-4f4eb6a09c55,f1d49df1-1f3a-4944-ac16-430d970f0ee3,33907bef-b4c2-4df2-b464-52f95c71fed3,,fb807099-ea21-44f1-afb3-388faab25ae3
2024-02-03,ARG,1872,EZE,FTE,P,25,,,false,,2024-02-03T04:15,2024-02-03T05:00,,,,,2024-02-03T07:30,,Boeing 737-800,,,,,,,,f13fe285-54b5-4a66-8185-025f6d24c020,f8c9b9cb-eb80-4c07-b028-4f4eb6a09c55,de292294-f7c0-4b76-ae80-ead515d9643c,bfd75ae4-967e-4d26-9e56-f71e094c47d9,,8ad8530e-acd0-42bf-abc5-1e70c4a076bf
2024-02-09,ARG,1867,FTE,AEP,1,2,,,false,,2024-02-09T09:10,2024-02-09T09:10,,,,,2024-02-09T12:05,2024-02-09T12:16,Boeing 737-800,,,,,,,,1a97fcf3-7776-464d-b152-cbee97a8e19a,f8c9b9cb-eb80-4c07-b028-4f4eb6a09c55,bfd75ae4-967e-4d26-9e56-f71e094c47d9,33907bef-b4c2-4df2-b464-52f95c71fed3,,8ad8530e-acd0-42bf-abc5-1e70c4a076bf
2024-02-09,AAL,996,EZE,DFW,IA,9,D,D33,false,,2024-02-09T22:30,2024-02-09T22:23,,,,,2024-02-10T06:35,2024-02-10T06:05,Boeing 787-9,,,,,,,,f3fc2644-5547-48cb-9c90-0919fa28c09b,ae1fc6a5-c42d-4e70-ba63-d641d248d270,de292294-f7c0-4b76-ae80-ead515d9643c,1573100e-e4a3-47b0-9399-01b36074e1f5,,c4910e5e-2c05-4d17-bc08-fa0c8c0b77d9
2024-02-10,AAL,2228,DFW,MSY,C,C24,Main,B15,false,,2024-02-10T09:20,2024-02-10T09:14,,,,,2024-02-10T10:45,2024-02-10T10:35,Airbus A319,,,,,,,,2a1fe38f-9777-45d5-8e94-c4ccc9caad4a,ae1fc6a5-c42d-4e70-ba63-d641d248d270,1573100e-e4a3-47b0-9399-01b36074e1f5,f874b6f5-ac69-41f2-8cf4-76cf1a1aca9c,,fb8254ff-1d83-4fe1-a147-882c217dfcbe
2024-02-13,JBU,1920,MSY,LGA,Main,C1,B,58,false,,2024-02-13T18:30,2024-02-13T18:32,,,,,2024-02-13T22:28,2024-02-13T22:06,Airbus A320,,,,,,,,5fa9320f-eb12-45a4-8fc7-e36995b18fcb,765155ec-70b3-4183-9cd3-10d1f5127405,f874b6f5-ac69-41f2-8cf4-76cf1a1aca9c,dfeb8457-3376-49f8-b542-dbeb2ec9f719,,dd390a1f-e92a-4411-ab72-04db16d42030
2024-02-14,DAL,2883,LGA,BOS,C,81,A,A3,false,,2024-02-14T14:59,2024-02-14T14:58,,,,,2024-02-14T16:25,2024-02-14T16:05,Airbus A220-300,,,,,,,,acecf5f2-d49a-45ce-b269-b808686b1385,a8765091-d043-44b1-936c-d217bb519e56,dfeb8457-3376-49f8-b542-dbeb2ec9f719,813ec62f-c303-44d9-a041-a4434d6fd652,,c6158951-56ef-48ec-b8ae-5f7e9c0c24c0
2024-02-16,DAL,2265,BOS,LGA,A,A10,C,95,false,,2024-02-16T12:30,2024-02-16T12:23,,,,,2024-02-16T13:52,2024-02-16T13:39,Airbus A220-300,,,,,ECONOMY,,,cd2de3d7-619e-4395-b4a6-f0d5ce9f4140,a8765091-d043-44b1-936c-d217bb519e56,813ec62f-c303-44d9-a041-a4434d6fd652,dfeb8457-3376-49f8-b542-dbeb2ec9f719,,c6158951-56ef-48ec-b8ae-5f7e9c0c24c0
2024-02-19,AAL,1175,LGA,DCA,B,11,2,D41,false,,2024-02-19T07:00,2024-02-19T06:51,,,,,2024-02-19T08:22,2024-02-19T08:01,Airbus A319,,,,,ECONOMY,,,1a4f140c-b6e4-44cf-8ee4-709f7cb9dcd8,ae1fc6a5-c42d-4e70-ba63-d641d248d270,dfeb8457-3376-49f8-b542-dbeb2ec9f719,be38c6f9-3dd7-41e2-baf8-929dbd2b54f3,,fb8254ff-1d83-4fe1-a147-882c217dfcbe
2024-02-21,AAL,2074,DCA,LGA,2,C27,B,15,false,,2024-02-21T17:45,2024-02-21T17:41,,,,,2024-02-21T18:59,2024-02-21T19:08,Airbus A319,,,15F,,ECONOMY,,,c1dd5aba-24fe-4baa-9d4c-85eb8615f0c7,ae1fc6a5-c42d-4e70-ba63-d641d248d270,be38c6f9-3dd7-41e2-baf8-929dbd2b54f3,dfeb8457-3376-49f8-b542-dbeb2ec9f719,,fb8254ff-1d83-4fe1-a147-882c217dfcbe
2024-02-24,BAW,116,JFK,LHR,8,,5,,false,,2024-02-24T20:05,2024-02-24T20:03,,,,,2024-02-25T08:00,2024-02-25T07:47,Boeing 777-300 ER,,,,,PREMIUM_ECONOMY,,,04df9544-b0b1-44af-bcde-df241e256539,0e7d613e-188c-4d20-95ee-ddc17c17de3d,fc332185-4dde-4791-b449-0de5e83e47b9,5a2a51a0-1a5b-42c9-b220-c61953fac034,,78eac566-1ad0-4ded-9979-9510dfde05f2
2024-03-02,EZY,8681,LGW,AMS,N,,Main,,false,,2024-03-02T11:35,2024-03-02T11:32,,,,,2024-03-02T13:55,2024-03-02T13:38,Airbus A319,,,,,,,,8508d44e-f330-4476-9f87-4f07fec6388b,c39d5ea4-a02f-45f5-bbbb-d3ef73b04aff,f0a9abc1-65e8-4666-9c4f-e7c1849cae93,f671c076-61b7-4572-8abb-359aaadaafd4,,fb8254ff-1d83-4fe1-a147-882c217dfcbe
2024-03-03,EZY,8670,AMS,LGW,Main,,N,,false,,2024-03-03T15:35,2024-03-03T15:49,,,,,2024-03-03T15:50,2024-03-03T15:55,Airbus A320neo,,,,,,,,e850e018-daee-4ce2-a963-db21890c63fb,c39d5ea4-a02f-45f5-bbbb-d3ef73b04aff,f671c076-61b7-4572-8abb-359aaadaafd4,f0a9abc1-65e8-4666-9c4f-e7c1849cae93,,fc3bd268-833c-40f4-a74c-9512dabcbe08
2024-03-30,RYR,1782,STN,BOD,,58,A,,false,,2024-03-30T14:40,2024-03-30T14:34,,,,,2024-03-30T17:20,,Boeing 737 MAX 8,,,,,,,,fdbd3c7a-17fa-441f-84cd-c96a299d5f2e,89ad0292-b411-46f2-a3ad-27896d1be60b,d96781d4-9fa4-4b33-b1e3-f2b4444740fa,28529683-cecf-4a1e-9558-2ded3abac59a,,5ee1c1db-bf8c-475a-99b0-262bbc7a50b2
2024-04-01,RYR,1783,BOD,STN,L,17,,,false,,2024-04-01T20:50,2024-04-01T20:50,,,,,2024-04-01T21:25,2024-04-01T21:47,Boeing 737-800,,,,,,,,76e4f509-c915-4ab9-8402-a244bd97e791,89ad0292-b411-46f2-a3ad-27896d1be60b,28529683-cecf-4a1e-9558-2ded3abac59a,d96781d4-9fa4-4b33-b1e3-f2b4444740fa,,8ad8530e-acd0-42bf-abc5-1e70c4a076bf
2024-05-04,RYR,2225,STN,TLL,,58,Main,,false,,2024-05-04T17:20,2024-05-04T17:18,,,,,2024-05-04T22:05,,Boeing 737-800,,,,,,,,7cf3b961-e04a-4cd4-962a-df9f49a0353c,89ad0292-b411-46f2-a3ad-27896d1be60b,d96781d4-9fa4-4b33-b1e3-f2b4444740fa,1f3e0818-9e8a-44b1-a407-472f83a2ff0b,,4f7a0cdc-f82f-4544-9e7b-f49a80b8463a
2024-05-06,WUK,5446,TLL,LTN,Main,13,,,false,,2024-05-06T20:55,,,,,,2024-05-06T21:55,,Airbus A321neo,,,,,,,,910e39d7-e6a2-410b-b9cf-ad7663778535,6e99b14d-c845-4df2-83d1-c9e62a6ccdcb,1f3e0818-9e8a-44b1-a407-472f83a2ff0b,61ec3188-adbe-4481-ba0f-9ddcfa7df9b8,,2e99cd6b-cec7-4ec7-a85e-dbc2b5e25a8f
2024-05-23,BAW,352,LHR,NCE,5,B36,1,,false,,2024-05-23T20:10,2024-05-23T20:06,,,,,2024-05-23T23:15,2024-05-23T23:17,Airbus A320neo,,,,,,,,c2c49b7d-f9d5-468e-b60c-0078f76f80a2,0e7d613e-188c-4d20-95ee-ddc17c17de3d,5a2a51a0-1a5b-42c9-b220-c61953fac034,a2d5a3c5-791c-435d-8ff4-26072d77f630,,fc3bd268-833c-40f4-a74c-9512dabcbe08
2024-05-27,BAW,8478,NCE,LCY,1,38,,,false,,2024-05-27T16:30,2024-05-27T16:28,,,,,2024-05-27T17:25,2024-05-27T17:39,Embraer 190,,,,,,,,4327ffaf-031b-4a54-81b5-36915fd4748b,0e7d613e-188c-4d20-95ee-ddc17c17de3d,a2d5a3c5-791c-435d-8ff4-26072d77f630,038fea45-3bb9-415b-aa3b-cb61f4dc106e,,fb807099-ea21-44f1-afb3-388faab25ae3
2024-05-31,EZY,8411,LGW,CDG,N,567,2B,,false,,2024-05-31T19:00,2024-05-31T19:15,,,,,2024-05-31T21:15,2024-05-31T21:27,Airbus A320,,,,,,,,baf5a798-9df3-435e-bdc6-51d03d0e11c4,c39d5ea4-a02f-45f5-bbbb-d3ef73b04aff,f0a9abc1-65e8-4666-9c4f-e7c1849cae93,065a1318-77b6-4f77-98ce-95b9253f64a5,,dd390a1f-e92a-4411-ab72-04db16d42030
2024-06-05,EZY,8382,BOD,LGW,B,,N,,false,,2024-06-05T07:00,2024-06-05T06:48,,,,,2024-06-05T07:40,2024-06-05T07:18,Airbus A320,,,,,,,,6d3387df-bc64-479e-81e3-a1f7b5ad3ba1,c39d5ea4-a02f-45f5-bbbb-d3ef73b04aff,28529683-cecf-4a1e-9558-2ded3abac59a,f0a9abc1-65e8-4666-9c4f-e7c1849cae93,,dd390a1f-e92a-4411-ab72-04db16d42030
2024-07-18,AUA,452,LHR,VIE,2,A19,3,G32,false,,2024-07-18T09:05,2024-07-18T09:24,,,,,2024-07-18T12:20,2024-07-18T12:36,Airbus A320neo,,,,,,,,52e95331-b158-4fa5-9496-2b3c68065a87,0d13df5d-f81a-4d94-9f98-53be6b16cb8f,5a2a51a0-1a5b-42c9-b220-c61953fac034,f14d8bd3-c692-4468-a9c2-7c89ab7a4ce4,,fc3bd268-833c-40f4-a74c-9512dabcbe08
2024-07-22,AUA,457,VIE,LHR,3,G26,2,,false,,2024-07-22T20:20,2024-07-22T21:32,,,,,2024-07-22T21:40,2024-07-22T22:58,Airbus A320neo,,,,,,,,82c09fc7-3556-41c3-8f26-558dc4b92e18,0d13df5d-f81a-4d94-9f98-53be6b16cb8f,f14d8bd3-c692-4468-a9c2-7c89ab7a4ce4,5a2a51a0-1a5b-42c9-b220-c61953fac034,,fc3bd268-833c-40f4-a74c-9512dabcbe08
2024-07-25,VLG,8945,LGW,ORY,S,19,3,,false,,2024-07-25T19:40,2024-07-25T19:44,,,,,2024-07-25T22:00,,Airbus A321,,,,,,,,e358c2e4-92b4-48ec-876f-5c873a3349de,85a84b64-63bd-4340-8659-19241f38a3ee,f0a9abc1-65e8-4666-9c4f-e7c1849cae93,8c066cc3-112d-4bcf-8483-e965888e358a,,5904cdc2-eccf-41fe-8345-e82a51d3269c
2024-07-28,VLG,8944,ORY,LGW,1,,S,,false,,2024-07-28T18:45,2024-07-28T18:43,,,,,2024-07-28T18:55,2024-07-28T18:56,Airbus A321neo,,,,,,,,7051e4d6-4334-47b0-85ef-eaa2b758af10,85a84b64-63bd-4340-8659-19241f38a3ee,8c066cc3-112d-4bcf-8483-e965888e358a,f0a9abc1-65e8-4666-9c4f-e7c1849cae93,,2e99cd6b-cec7-4ec7-a85e-dbc2b5e25a8f
2024-08-15,EZY,8385,LGW,BOD,N,,B,,false,,2024-08-15T19:00,2024-08-15T21:12,,,,,2024-08-15T21:40,2024-08-15T23:43,Airbus A320,,,,,,,,43b976a8-9099-4038-9d8c-c09dd82a0ee9,c39d5ea4-a02f-45f5-bbbb-d3ef73b04aff,f0a9abc1-65e8-4666-9c4f-e7c1849cae93,28529683-cecf-4a1e-9558-2ded3abac59a,,dd390a1f-e92a-4411-ab72-04db16d42030
2024-08-23,RYR,371,BIQ,STN,,,,,false,,2024-08-23T15:50,,,,,,2024-08-23T16:45,2024-08-23T16:17,Boeing 737-800,,,,,,,,f319253b-dbe1-43a5-a75d-62ade6f9e4a5,89ad0292-b411-46f2-a3ad-27896d1be60b,76c924ee-0287-4b6f-b2e8-4d4b8a39666b,d96781d4-9fa4-4b33-b1e3-f2b4444740fa,,8ad8530e-acd0-42bf-abc5-1e70c4a076bf
2024-10-03,NOZ,1319,LGW,BGO,S,,Main,,false,,2024-10-03T21:00,,,,,,2024-10-03T23:55,,Boeing 737-800,,,,,,,,f2d339cc-849d-4609-aef9-b132a4846a0d,570d812a-440b-4baa-a8b5-b20738cf8498,f0a9abc1-65e8-4666-9c4f-e7c1849cae93,d7466ce4-1c02-4ba4-94c2-84a260fbc15b,,8ad8530e-acd0-42bf-abc5-1e70c4a076bf
2024-10-05,WIF,612,BGO,BOO,Main,B19,Main,B19,false,,2024-10-05T10:25,2024-10-05T10:34,,,,,2024-10-05T12:20,,DHC-8-400 Dash 8Q,,,,,,,,147f96bf-1d87-4e01-8a10-02002deaa055,4d9233d0-ddfe-44af-b341-1b81467545de,d7466ce4-1c02-4ba4-94c2-84a260fbc15b,f653c042-43c0-4c1a-9006-9b3d1661cb5a,,59b23fcb-b36b-49f7-9fb9-b1dc2a1a47d1
2024-10-05,WIF,828,BOO,SVJ,Main,19,,,false,,2024-10-05T12:45,2024-10-05T12:42,,,,,2024-10-05T13:15,,DHC-8-100 Dash 8,,,,,,,,91a81915-503b-428a-af66-ed1209a28eaf,4d9233d0-ddfe-44af-b341-1b81467545de,f653c042-43c0-4c1a-9006-9b3d1661cb5a,2198e2a8-b51a-4905-a248-e04bf02476b3,,e2181c18-9c5a-4778-bf5d-69e2bf0ebc87
2024-10-10,WIF,823,SVJ,BOO,,,Main,,false,,2024-10-10T07:20,2024-10-10T07:15,,,,,2024-10-10T07:45,,DHC-8-100 Dash 8,,,,,,,,80112739-8bc2-4040-a6aa-9e1f66bd2b22,4d9233d0-ddfe-44af-b341-1b81467545de,2198e2a8-b51a-4905-a248-e04bf02476b3,f653c042-43c0-4c1a-9006-9b3d1661cb5a,,e2181c18-9c5a-4778-bf5d-69e2bf0ebc87
2024-10-10,WIF,1322,BOO,TOS,Main,12,,,false,,2024-10-10T09:00,2024-10-10T09:35,,,,,2024-10-10T09:55,,DHC-8-400 Dash 8Q,,,,,,,,f7494015-e154-46e0-918f-952a09f56826,4d9233d0-ddfe-44af-b341-1b81467545de,f653c042-43c0-4c1a-9006-9b3d1661cb5a,dc86ca8a-9ab0-4819-9497-4fd7d5a1294b,,59b23fcb-b36b-49f7-9fb9-b1dc2a1a47d1
2024-10-10,SAS,4414,TOS,LYR,,F18,,,false,,2024-10-10T12:05,2024-10-10T11:55,,,,,2024-10-10T13:45,2024-10-10T13:32,Airbus A320neo,,,,,,,,5fe39fcc-2cf7-40b2-a843-a42153373c7a,3d813b4b-d747-4bdb-9569-73f61d95fb5c,dc86ca8a-9ab0-4819-9497-4fd7d5a1294b,308c4933-91e5-447e-8e8f-c5a3022d327b,,fc3bd268-833c-40f4-a74c-9512dabcbe08
2024-10-13,SAS,4499,LYR,OSL,,,Main,1,false,,2024-10-13T07:35,2024-10-13T07:25,,,,,2024-10-13T10:30,2024-10-13T10:24,Airbus A320neo,,,,,,,,99ccc7e3-5082-4bb8-be09-4e4734d30477,3d813b4b-d747-4bdb-9569-73f61d95fb5c,308c4933-91e5-447e-8e8f-c5a3022d327b,0b97593c-1091-40e5-b6c1-d10fe4678556,,fc3bd268-833c-40f4-a74c-9512dabcbe08
2024-10-13,SAS,805,OSL,LHR,Main,,2,,false,,2024-10-13T13:15,2024-10-13T13:10,,,,,2024-10-13T14:35,,Airbus A320neo,,,,,,,,9012094d-9bad-4b0e-a86c-8e14cf86e3d5,3d813b4b-d747-4bdb-9569-73f61d95fb5c,0b97593c-1091-40e5-b6c1-d10fe4678556,5a2a51a0-1a5b-42c9-b220-c61953fac034,,fc3bd268-833c-40f4-a74c-9512dabcbe08
2024-10-17,RYR,2684,STN,PSA,,48,,,false,,2024-10-17T20:45,2024-10-17T20:52,,,,,2024-10-17T23:50,,Boeing 737-800,,,,,,,,8477c7e0-982f-4564-ba3a-d2f9909e40a3,89ad0292-b411-46f2-a3ad-27896d1be60b,d96781d4-9fa4-4b33-b1e3-f2b4444740fa,ef9d58f0-80db-44b8-b5b8-eb6337767245,,8ad8530e-acd0-42bf-abc5-1e70c4a076bf
2024-10-20,EZY,2490,PSA,LTN,,21,,,false,,2024-10-20T16:55,2024-10-20T17:46,,,,,2024-10-20T18:15,2024-10-20T18:54,Airbus A319,,,,,,,,06a5a66b-1b79-456c-8359-d62021fe646f,c39d5ea4-a02f-45f5-bbbb-d3ef73b04aff,ef9d58f0-80db-44b8-b5b8-eb6337767245,61ec3188-adbe-4481-ba0f-9ddcfa7df9b8,,fb8254ff-1d83-4fe1-a147-882c217dfcbe
2024-12-06,QTR,6,LHR,DOH,4,2,,,false,,2024-12-06T08:05,2024-12-06T08:11,,,,,2024-12-06T17:45,2024-12-06T17:33,Boeing 777-300 ER,,,,,,,,a1bf15bc-e90d-473d-b726-94a416fc39ae,bbe2cc40-79ca-446a-8105-cbb932b064f0,5a2a51a0-1a5b-42c9-b220-c61953fac034,570ae63e-c342-4fdb-b344-554184c13f1b,,78eac566-1ad0-4ded-9979-9510dfde05f2
2024-12-07,QTR,1124,DOH,MCT,,,,,false,,2024-12-07T19:10,2024-12-07T19:26,,,,,2024-12-07T21:45,2024-12-07T22:00,Airbus A350-1000,,,,,,,,45cdcfc5-c179-4e5c-94a3-2af55e5e3afe,bbe2cc40-79ca-446a-8105-cbb932b064f0,570ae63e-c342-4fdb-b344-554184c13f1b,c1dde392-741a-4dbc-9d9a-2e3c38d938e1,,471867c0-706e-4127-b1aa-ff84ebeae8f3
2024-12-15,QTR,1127,MCT,DOH,,C9,,,false,,2024-12-15T12:40,2024-12-15T12:36,,,,,2024-12-15T13:20,2024-12-15T13:10,Airbus A330-200,,,,,,,,86b03d77-5b89-488e-969e-7669d022a32d,bbe2cc40-79ca-446a-8105-cbb932b064f0,c1dde392-741a-4dbc-9d9a-2e3c38d938e1,570ae63e-c342-4fdb-b344-554184c13f1b,,b592e11d-fad7-492c-9c29-998f09eed93e
2024-12-15,QTR,5,DOH,LHR,,,4,,false,,2024-12-15T17:25,2024-12-15T17:25,,,,,2024-12-15T22:00,2024-12-15T22:06,Airbus A350-900,,,,,,,,f7b6e8b5-51ff-4c43-bc6c-d0145227dc5a,bbe2cc40-79ca-446a-8105-cbb932b064f0,570ae63e-c342-4fdb-b344-554184c13f1b,5a2a51a0-1a5b-42c9-b220-c61953fac034,,0f7e0145-14a5-4c47-aa84-f03b1ff28cd0
2025-01-01,WUK,4558,LGW,LCA,,,,,false,,2025-01-01T11:55,2025-01-01T13:45,,,,,2025-01-01T18:30,2025-01-01T20:00,Airbus A321neo,,,,,,,,8cb81a6a-eda8-490c-9259-ac7e9a4dbc47,6e99b14d-c845-4df2-83d1-c9e62a6ccdcb,f0a9abc1-65e8-4666-9c4f-e7c1849cae93,7fcac614-6c95-451f-b42d-5112b0e6a99f,,2e99cd6b-cec7-4ec7-a85e-dbc2b5e25a8f
2025-01-05,EZY,8660,LCA,LGW,,,N,,false,,2025-01-05T20:30,2025-01-05T22:44,,,,,2025-01-05T23:40,2025-01-06T01:33,Airbus A320neo,,,,,ECONOMY,,,5e89303a-96e5-4cbc-a927-c834b921001e,c39d5ea4-a02f-45f5-bbbb-d3ef73b04aff,7fcac614-6c95-451f-b42d-5112b0e6a99f,f0a9abc1-65e8-4666-9c4f-e7c1849cae93,,fc3bd268-833c-40f4-a74c-9512dabcbe08
2025-02-27,VLG,6014,LGW,SVQ,S,10,1,,false,,2025-02-27T19:35,2025-02-27T19:33,,,,,2025-02-27T23:15,,Airbus A320,,,,,ECONOMY,,,1f6fc202-eb97-4f82-babd-3e1b85cbcad5,85a84b64-63bd-4340-8659-19241f38a3ee,f0a9abc1-65e8-4666-9c4f-e7c1849cae93,55138ed4-f7bf-405a-a6e4-84730c4bf31f,,dd390a1f-e92a-4411-ab72-04db16d42030
2025-03-04,RYR,8362,SVQ,STN,1,C25,,C25,false,,2025-03-04T17:05,2025-03-04T17:05,,,,,2025-03-04T18:55,2025-03-04T19:23,Boeing 737 MAX 8,,,,,,,,0841220e-dcde-4346-8fcb-9d78afbac110,89ad0292-b411-46f2-a3ad-27896d1be60b,55138ed4-f7bf-405a-a6e4-84730c4bf31f,d96781d4-9fa4-4b33-b1e3-f2b4444740fa,,5ee1c1db-bf8c-475a-99b0-262bbc7a50b2
2025-04-18,RYR,792,STN,VCE,,59,,,false,,2025-04-18T17:15,2025-04-18T17:15,,,,,2025-04-18T20:20,2025-04-18T19:57,Boeing 737-800,,,,,,,,3c50419d-64e9-45cb-ac76-d4a15502d7fb,89ad0292-b411-46f2-a3ad-27896d1be60b,d96781d4-9fa4-4b33-b1e3-f2b4444740fa,e184c2ae-d608-40a5-9337-894f4fc8286f,,8ad8530e-acd0-42bf-abc5-1e70c4a076bf
2025-04-23,BAW,179,LHR,JFK,5,B47,8,,false,,2025-04-23T18:05,2025-04-23T17:56,,,,,2025-04-23T21:00,2025-04-23T20:26,Boeing 777-200 ER,,,,,,,,d41cd2bb-fdc0-42c9-aac3-caca0608a5cb,0e7d613e-188c-4d20-95ee-ddc17c17de3d,5a2a51a0-1a5b-42c9-b220-c61953fac034,fc332185-4dde-4791-b449-0de5e83e47b9,,a0f171e1-86df-426a-8922-e460c0660ae6
2025-04-27,BAW,1594,JFK,LHR,8,18,3,326,false,,2025-04-27T09:45,2025-04-27T09:38,,,,,2025-04-27T21:40,2025-04-27T21:16,Boeing 777-200 ER,,,,,,,,11c20250-0bf8-4939-9dc5-f67dd790b071,0e7d613e-188c-4d20-95ee-ddc17c17de3d,fc332185-4dde-4791-b449-0de5e83e47b9,5a2a51a0-1a5b-42c9-b220-c61953fac034,,a0f171e1-86df-426a-8922-e460c0660ae6
2025-05-01,RYR,8853,STN,MLA,,45,,45,false,,2025-05-01T21:00,2025-05-01T21:20,,,,,2025-05-02T01:15,2025-05-02T01:27,Boeing 737 MAX 8,,,,,,,,39c42e7d-2146-4cc6-8dda-fb64a1d64921,89ad0292-b411-46f2-a3ad-27896d1be60b,d96781d4-9fa4-4b33-b1e3-f2b4444740fa,84fae806-c7a3-412e-94df-c437c589589c,,5ee1c1db-bf8c-475a-99b0-262bbc7a50b2
2025-05-05,RYR,3883,MLA,LTN,,16,,16,false,,2025-05-05T19:20,2025-05-05T19:20,,,,,2025-05-05T21:40,2025-05-05T21:35,Boeing 737 MAX 8,,,,,,,,cd29f9f6-2199-4774-9ecd-4d4aa17ccb02,89ad0292-b411-46f2-a3ad-27896d1be60b,84fae806-c7a3-412e-94df-c437c589589c,61ec3188-adbe-4481-ba0f-9ddcfa7df9b8,,5ee1c1db-bf8c-475a-99b0-262bbc7a50b2
2025-05-20,BAW,376,LHR,TLS,3,3,,4,false,,2025-05-20T19:55,2025-05-20T19:48,,,,,2025-05-20T22:45,2025-05-20T22:33,Airbus A319,,,,,,,,769e2d7d-9aa1-4c05-8e2b-f64d72a4f4cf,0e7d613e-188c-4d20-95ee-ddc17c17de3d,5a2a51a0-1a5b-42c9-b220-c61953fac034,71e4a8a3-fe0d-4e3a-976d-7112ff52ddfb,,fb8254ff-1d83-4fe1-a147-882c217dfcbe
2025-05-31,RYR,281,STN,TLS,T1,52,MAIN,52,false,,2025-05-31T19:10,2025-05-31T20:25,,,,,2025-05-31T22:05,2025-06-01T00:02,Boeing 737 MAX 8,,,,,,,,dcfc703d-6d19-457b-9263-461709b5efbd,89ad0292-b411-46f2-a3ad-27896d1be60b,d96781d4-9fa4-4b33-b1e3-f2b4444740fa,71e4a8a3-fe0d-4e3a-976d-7112ff52ddfb,,5ee1c1db-bf8c-475a-99b0-262bbc7a50b2
2025-05-31,RYR,282,TLS,STN,MAIN,61,1,,false,,2025-05-31T22:30,2025-06-01T00:38,,,,,2025-05-31T23:25,2025-06-01T01:24,Boeing 737 MAX 8,,,,,,,,71cdc3c7-d8e5-4049-b717-05f901c80e06,89ad0292-b411-46f2-a3ad-27896d1be60b,71e4a8a3-fe0d-4e3a-976d-7112ff52ddfb,d96781d4-9fa4-4b33-b1e3-f2b4444740fa,,5ee1c1db-bf8c-475a-99b0-262bbc7a50b2
2025-07-18,ITY,221,LCY,LIN,MAIN,10,MAIN,,false,,2025-07-18T10:40,2025-07-18T10:40,,,,,2025-07-18T13:30,2025-07-18T13:26,Airbus A220-100,,,,,,,,8dd9914f-1279-4f44-8bed-525934004547,405db5cd-864f-45f1-872a-8e9842349efa,038fea45-3bb9-415b-aa3b-cb61f4dc106e,e10fde7a-7c22-4d64-a1ec-af39f276035f,,08f3690a-67fe-4be4-8138-cc20b688f722
2025-07-20,EZY,8312,MXP,LGW,2,E28,N,,false,,2025-07-20T22:10,2025-07-21T00:46,,,,,2025-07-20T23:05,2025-07-21T01:38,Airbus A319,,,,,,,,7172f973-b3e5-43ab-9c7b-2e80ac89da3c,c39d5ea4-a02f-45f5-bbbb-d3ef73b04aff,4e2e7d0a-9203-4b17-a233-bf1913e06603,f0a9abc1-65e8-4666-9c4f-e7c1849cae93,,fb8254ff-1d83-4fe1-a147-882c217dfcbe
2025-07-31,EZY,7840,STN,AMS,,32,3,,false,,2025-07-31T20:20,2025-07-31T20:16,,,,,2025-07-31T22:25,2025-07-31T22:06,Airbus A320neo,,,,,,,,ab269d4a-74e9-4186-a062-837c1049f0d5,c39d5ea4-a02f-45f5-bbbb-d3ef73b04aff,d96781d4-9fa4-4b33-b1e3-f2b4444740fa,f671c076-61b7-4572-8abb-359aaadaafd4,,fc3bd268-833c-40f4-a74c-9512dabcbe08
2025-08-04,BAW,441,AMS,LHR,3,D16,5,,false,,2025-08-04T19:20,2025-08-04T19:32,,,,,2025-08-04T19:35,2025-08-04T20:00,Airbus A320neo,,,,,,,,08177de7-10e4-4f6b-9db6-550c0f195519,0e7d613e-188c-4d20-95ee-ddc17c17de3d,f671c076-61b7-4572-8abb-359aaadaafd4,5a2a51a0-1a5b-42c9-b220-c61953fac034,,fc3bd268-833c-40f4-a74c-9512dabcbe08
2025-08-10,BAW,2572,LGW,BOD,S,37,A,,false,,2025-08-10T19:30,2025-08-10T21:12,,,,,2025-08-10T22:10,2025-08-10T23:53,Airbus A321,,,,,,,,c39cf222-ee71-43e8-8447-94c8ade89a31,0e7d613e-188c-4d20-95ee-ddc17c17de3d,f0a9abc1-65e8-4666-9c4f-e7c1849cae93,28529683-cecf-4a1e-9558-2ded3abac59a,,5904cdc2-eccf-41fe-8345-e82a51d3269c
2025-08-17,EZY,2112,BOD,MAN,BILLI L,43,1,8,false,,2025-08-17T10:10,2025-08-17T10:16,,,,,2025-08-17T11:00,2025-08-17T11:01,Airbus A320,,,,,,,,a28e4268-d5b6-4ca8-8e4a-3d2ebec488a4,c39d5ea4-a02f-45f5-bbbb-d3ef73b04aff,28529683-cecf-4a1e-9558-2ded3abac59a,0f6792c2-c1b7-4356-9607-b64656099647,,dd390a1f-e92a-4411-ab72-04db16d42030
2025-08-22,EZY,8347,LGW,OLB,N,105,1,,false,,2025-08-22T16:55,2025-08-22T17:48,,,,,2025-08-22T20:30,2025-08-22T21:23,Airbus A320,,,4A,WINDOW,,,,d3768960-e06d-4ae1-a694-e1fa100ce5a4,c39d5ea4-a02f-45f5-bbbb-d3ef73b04aff,f0a9abc1-65e8-4666-9c4f-e7c1849cae93,cd234253-34c8-41b7-bf29-821963fb1c52,,dd390a1f-e92a-4411-ab72-04db16d42030
2025-08-25,EZY,8348,OLB,LGW,1,,N,,false,,2025-08-25T21:05,2025-08-25T21:16,,,,,2025-08-25T22:30,2025-08-25T22:41,Airbus A320,,,,,,,,9fda81e9-34a5-40c5-a274-2754743bda4a,c39d5ea4-a02f-45f5-bbbb-d3ef73b04aff,cd234253-34c8-41b7-bf29-821963fb1c52,f0a9abc1-65e8-4666-9c4f-e7c1849cae93,,dd390a1f-e92a-4411-ab72-04db16d42030
2025-08-26,CPA,256,LHR,HKG,3,31,1,,false,,2025-08-26T20:10,2025-08-26T20:06,,,,,2025-08-27T15:45,2025-08-27T15:34,Airbus A350-1000,,,,,,,,6d78107e-a607-4078-8930-27fe8f0fcf74,8508d82c-f03a-4c99-88d8-46ede5aceb6d,5a2a51a0-1a5b-42c9-b220-c61953fac034,7da61aa8-3d56-411b-8be5-50a198e86c60,,471867c0-706e-4127-b1aa-ff84ebeae8f3
2025-08-28,CPA,105,HKG,MEL,T1,43,T2,9,false,,2025-08-28T00:20,2025-08-28T00:40,,,,,2025-08-28T11:15,2025-08-28T11:49,Boeing 777-300 ER,,,,,,,,05db1f29-31a9-4765-bcb4-8cace2f9398f,8508d82c-f03a-4c99-88d8-46ede5aceb6d,7da61aa8-3d56-411b-8be5-50a198e86c60,abdb643a-f7ba-4564-a003-40b64a7a01b2,,78eac566-1ad0-4ded-9979-9510dfde05f2
2025-09-09,CPA,178,MEL,HKG,2,8,1,,false,,2025-09-09T23:45,2025-09-10T00:59,,,,,2025-09-10T06:55,2025-09-10T07:59,Boeing 777-300 ER,,,59H,AISLE,ECONOMY,,,bdb30b84-2dc1-465c-8310-470f2207cbe8,8508d82c-f03a-4c99-88d8-46ede5aceb6d,abdb643a-f7ba-4564-a003-40b64a7a01b2,7da61aa8-3d56-411b-8be5-50a198e86c60,,78eac566-1ad0-4ded-9979-9510dfde05f2
2025-09-10,CPA,257,HKG,LHR,T1,69,T3,,false,,2025-09-10T08:05,2025-09-10T08:59,,,,,2025-09-10T15:15,2025-09-10T16:29,Airbus A350-1000,,,41A,,,,,96b91111-27eb-49d5-9d67-5e59a8e5b0a3,8508d82c-f03a-4c99-88d8-46ede5aceb6d,7da61aa8-3d56-411b-8be5-50a198e86c60,5a2a51a0-1a5b-42c9-b220-c61953fac034,,471867c0-706e-4127-b1aa-ff84ebeae8f3
2025-09-27,BAW,884,LHR,OTP,3,26,,,false,,2025-09-27T18:35,2025-09-27T18:33,,,,,2025-09-27T23:50,2025-09-27T23:40,Airbus A320,,,11F,WINDOW,ECONOMY,LEISURE,,cc9e046b-e02d-483a-a927-d24b77d243e2,0e7d613e-188c-4d20-95ee-ddc17c17de3d,5a2a51a0-1a5b-42c9-b220-c61953fac034,1381876f-b3aa-44ff-8f71-0fb4bf8e90aa,,dd390a1f-e92a-4411-ab72-04db16d42030
2025-10-04,WMT,3009,OTP,LTN,MAIN,34,MAIN,,false,,2025-10-04T05:55,2025-10-04T05:55,,,,,2025-10-04T07:20,2025-10-04T07:25,Airbus A321,,,,,,,,5d597991-d021-4db0-8d49-27fc383d8c2c,a7c59389-b9da-4f47-8d3f-d41ec1b3a79c,1381876f-b3aa-44ff-8f71-0fb4bf8e90aa,61ec3188-adbe-4481-ba0f-9ddcfa7df9b8,,5904cdc2-eccf-41fe-8345-e82a51d3269c
2025-11-08,BAW,302,LHR,CDG,5,A1,2C,,false,,2025-11-08T07:20,2025-11-08T07:16,,,,,2025-11-08T09:40,2025-11-08T09:35,Airbus A319,,,,,,,,ffab80d0-d342-45dc-9978-3fb6a2b30238,0e7d613e-188c-4d20-95ee-ddc17c17de3d,5a2a51a0-1a5b-42c9-b220-c61953fac034,065a1318-77b6-4f77-98ce-95b9253f64a5,,fb8254ff-1d83-4fe1-a147-882c217dfcbe
2025-11-09,VLG,6948,ORY,LGW,1,D20,S,D20,false,,2025-11-09T19:00,2025-11-09T18:55,,,,,2025-11-09T19:10,2025-11-09T19:10,Airbus A320neo,,,,,,,,05f90a0c-f718-4b09-89ad-59b02673f8ed,85a84b64-63bd-4340-8659-19241f38a3ee,8c066cc3-112d-4bcf-8483-e965888e358a,f0a9abc1-65e8-4666-9c4f-e7c1849cae93,,fc3bd268-833c-40f4-a74c-9512dabcbe08
2025-11-23,QFA,2,LHR,SIN,3,40,1,D46,false,,2025-11-23T20:10,2025-11-23T20:16,,,,,2025-11-24T17:40,2025-11-24T17:49,Airbus A380-800,,,,,,,,7ed941cc-8461-4f2e-964d-28a0b5d79340,ead75665-81f4-41bb-afc7-f213077b2846,5a2a51a0-1a5b-42c9-b220-c61953fac034,0408c509-a410-4361-806b-eebecfea9bc1,,c0d25858-9057-4fec-bd89-0c18fd4489d3
2025-11-25,QFA,38,SIN,MEL,1,C23,2,11,false,,2025-11-25T00:05,2025-11-25T00:00,,,,,2025-11-25T10:40,2025-11-25T10:37,Airbus A380-800,,,33A,,PREMIUM_ECONOMY,,,75dcc74f-2509-4317-9254-396596eb188c,ead75665-81f4-41bb-afc7-f213077b2846,0408c509-a410-4361-806b-eebecfea9bc1,abdb643a-f7ba-4564-a003-40b64a7a01b2,,c0d25858-9057-4fec-bd89-0c18fd4489d3
2025-12-30,JST,29,MEL,BKK,2,11,,E8,false,,2025-12-30T14:20,2025-12-30T14:43,,,,,2025-12-30T19:30,2025-12-30T20:05,Boeing 787-8,,,,,,,,33932492-7521-4753-92bf-bd6825583d85,268ac079-2a87-4263-9ea7-45abb07d3405,abdb643a-f7ba-4564-a003-40b64a7a01b2,548d409f-68f7-4450-aaaf-87133919af6d,,4f948d40-962a-4fdf-b1d9-424282d24f76
2026-01-03,TGW,617,BKK,SIN,,E4,1,D49,false,,2026-01-03T20:15,2026-01-03T20:19,,,,,2026-01-03T23:55,2026-01-03T23:50,Boeing 787-9,,,,,,,,2d9ee79c-a002-4adb-8ab8-c838b0dfbd20,446c3088-b05f-4f6f-8c7d-fa945859c8b7,548d409f-68f7-4450-aaaf-87133919af6d,0408c509-a410-4361-806b-eebecfea9bc1,,c4910e5e-2c05-4d17-bc08-fa0c8c0b77d9
2026-01-04,TGW,58,SIN,MEL,1,D36,2,20,false,,2026-01-04T01:25,2026-01-04T01:28,,,,,2026-01-04T11:55,2026-01-04T11:39,Boeing 787-8,,,,,,,,089027f1-cb4d-4e8a-965d-03be1315da39,446c3088-b05f-4f6f-8c7d-fa945859c8b7,0408c509-a410-4361-806b-eebecfea9bc1,abdb643a-f7ba-4564-a003-40b64a7a01b2,,4f948d40-962a-4fdf-b1d9-424282d24f76
2026-01-04,QFA,492,MEL,SYD,1,6,3,1,false,,2026-01-04T19:35,2026-01-04T19:54,,,,,2026-01-04T21:00,2026-01-04T21:23,Boeing 737-800,,,,,,,,ea335658-d2e4-41c4-a2b9-cbbbb1e0a793,ead75665-81f4-41bb-afc7-f213077b2846,abdb643a-f7ba-4564-a003-40b64a7a01b2,958827d6-30b4-4f21-9da2-e2e5c43635d0,,8ad8530e-acd0-42bf-abc5-1e70c4a076bf
2026-01-22,QFA,673,MEL,ADL,1,22,1,21,false,,2026-01-22T06:15,2026-01-22T06:10,,,,,2026-01-22T07:05,2026-01-22T06:54,Boeing 737-800,,,,,,,,2a520c48-c8be-4250-86a3-052ba21ff809,ead75665-81f4-41bb-afc7-f213077b2846,abdb643a-f7ba-4564-a003-40b64a7a01b2,1c7e3065-d898-47d3-ab7f-7c1dbc15ca9e,,8ad8530e-acd0-42bf-abc5-1e70c4a076bf
2026-01-27,QFA,620,MEL,BNE,1,10,D,19,false,,2026-01-27T14:20,2026-01-27T14:23,,,,,2026-01-27T15:35,2026-01-27T15:33,Boeing 737-800,,,,,,,,e9190c47-be3e-4d32-bcf5-20f6761eca5b,ead75665-81f4-41bb-afc7-f213077b2846,abdb643a-f7ba-4564-a003-40b64a7a01b2,d0a07fb4-918a-4e7f-aeb2-3efb7649214a,,8ad8530e-acd0-42bf-abc5-1e70c4a076bf
2026-01-29,QFA,1257,BNE,MEL,D,17,T1,22,false,,2026-01-29T08:00,2026-01-29T08:01,,,,,2026-01-29T11:25,2026-01-29T11:21,Airbus A220-300,,,,,,,,84b83c85-8586-4f72-986f-af5550b4aa29,ead75665-81f4-41bb-afc7-f213077b2846,d0a07fb4-918a-4e7f-aeb2-3efb7649214a,abdb643a-f7ba-4564-a003-40b64a7a01b2,,c6158951-56ef-48ec-b8ae-5f7e9c0c24c0
2026-02-01,QFA,37,MEL,SIN,2,7,1,C13,false,,2026-02-01T16:55,2026-02-01T16:55,,,,,2026-02-01T22:05,2026-02-01T21:54,Airbus A330-200,,,,,,,,4a0a40e3-ec61-4142-98e1-eb75968657ac,ead75665-81f4-41bb-afc7-f213077b2846,abdb643a-f7ba-4564-a003-40b64a7a01b2,0408c509-a410-4361-806b-eebecfea9bc1,,b592e11d-fad7-492c-9c29-998f09eed93e
2026-02-01,QFA,1,SIN,LHR,1,D46,3,,false,,2026-02-01T23:35,2026-02-01T23:48,,,,,2026-02-02T06:15,2026-02-02T06:29,Airbus A380,,,,,,,,bceb2aab-e0ff-4a50-af8e-b50343fceb6d,ead75665-81f4-41bb-afc7-f213077b2846,0408c509-a410-4361-806b-eebecfea9bc1,5a2a51a0-1a5b-42c9-b220-c61953fac034,,b8eb326f-91a9-4135-9759-93f73428b24f
2026-04-16,PGT,1692,STN,ESB,,13,,,false,,2026-04-16T11:30,2026-04-16T11:19,,,,,2026-04-16T17:25,2026-04-16T17:10,Airbus A320neo,,,27F,WINDOW,,,,ec0aa048-5169-4fb4-a1b2-ede1a960f686,dedaba6b-ec59-4129-90c3-b98d4117d215,d96781d4-9fa4-4b33-b1e3-f2b4444740fa,8eb9bb05-09c0-4528-b55e-ad3d8125edc5,,fc3bd268-833c-40f4-a74c-9512dabcbe08
2026-04-16,TKJ,583,ESB,TAS,I,406,T2,,false,,2026-04-16T23:55,2026-04-17T00:10,,,,,2026-04-17T06:00,2026-04-17T05:51,Boeing 737 MAX 8,,,,,,,,aba4e68a-937d-44bc-bd8f-f777b3b0835f,a6401efe-17cf-4897-afa4-150850cf8fc3,8eb9bb05-09c0-4528-b55e-ad3d8125edc5,79742215-b449-46e2-9138-b27cbae97436,,5ee1c1db-bf8c-475a-99b0-262bbc7a50b2
2026-04-18,UZB,57,TAS,UGC,3,,,,false,,2026-04-18T20:40,2026-04-18T20:30,,,,,2026-04-18T22:10,2026-04-18T22:00,Airbus A320,,,,,,,,edcd2d9d-04d9-4d28-8f84-5f6246d5f192,9c95c233-4a2b-471e-849b-488926af7d80,79742215-b449-46e2-9138-b27cbae97436,0dd419e7-7056-4e62-8f68-087fb84e78eb,,63155468-7f9d-4f33-8e5d-c0bf2edd2987
2026-04-25,SXS,965,SKD,ADB,,,I,,false,,2026-04-25T04:40,2026-04-25T04:52,,,,,2026-04-25T08:05,,Boeing 737-800,,,33F,WINDOW,,,,8313724b-a849-4610-8c68-817f306a2414,11d143ca-afd0-44f9-be31-c6b919042c1c,f085a4b0-6c67-4e3b-a935-a67f1bfc4d01,a754884f-adbe-4676-91ef-329f09a7067b,,bfed5d53-9645-4ae2-aa8b-808123bd938b
2026-04-25,SXS,944,ADB,AMS,I,234,Main,G4,false,,2026-04-25T16:10,2026-04-25T16:08,,,,,2026-04-25T18:55,2026-04-25T18:48,Boeing 737 MAX 8,,,,,,,,b24f3d9e-d7f5-4fde-9377-92fe17c1215f,11d143ca-afd0-44f9-be31-c6b919042c1c,a754884f-adbe-4676-91ef-329f09a7067b,f671c076-61b7-4572-8abb-359aaadaafd4,,5ee1c1db-bf8c-475a-99b0-262bbc7a50b2
2026-05-21,BAW,1498,LHR,GLA,5,A3,M,,false,,2026-05-21T21:50,2026-05-21T21:45,,,,,2026-05-21T23:05,2026-05-21T23:04,Airbus A320neo,,,,,,,,48e6d680-d197-4dbb-9a0a-d31f843d9e47,0e7d613e-188c-4d20-95ee-ddc17c17de3d,5a2a51a0-1a5b-42c9-b220-c61953fac034,1d84ee70-3d47-4eba-a70e-5961d0c51d59,,fc3bd268-833c-40f4-a74c-9512dabcbe08
2026-05-31,BAW,1491,GLA,LHR,T1,19,T5,,false,,2026-05-31T21:15,2026-05-31T21:04,,,,,2026-05-31T22:35,2026-05-31T22:10,Airbus A320neo,,,,,,,,7da8b03a-8aaa-46ae-983d-58c82b9a6fe9,0e7d613e-188c-4d20-95ee-ddc17c17de3d,1d84ee70-3d47-4eba-a70e-5961d0c51d59,5a2a51a0-1a5b-42c9-b220-c61953fac034,,fc3bd268-833c-40f4-a74c-9512dabcbe08
2026-07-06,BAW,2570,LGW,BOD,S,91,A,,false,,2026-07-06T06:35,2026-07-06T06:36,,,,,2026-07-06T09:25,2026-07-06T09:45,Airbus A320,,,,,,,,cf583305-b7ca-4414-8d07-9647ea6c9e7d,0e7d613e-188c-4d20-95ee-ddc17c17de3d,f0a9abc1-65e8-4666-9c4f-e7c1849cae93,28529683-cecf-4a1e-9558-2ded3abac59a,,dd390a1f-e92a-4411-ab72-04db16d42030
2026-07-10,BAW,2573,BOD,LGW,A,80,S,,false,,2026-07-10T22:10,2026-07-10T22:16,,,,,2026-07-10T22:45,2026-07-10T22:40,Airbus A321,,,,,,,,16b591c8-5bfe-42e7-9447-16ddae6d95f1,0e7d613e-188c-4d20-95ee-ddc17c17de3d,28529683-cecf-4a1e-9558-2ded3abac59a,f0a9abc1-65e8-4666-9c4f-e7c1849cae93,,5904cdc2-eccf-41fe-8345-e82a51d3269c
2026-07-24,BAW,2716,LGW,FNC,S,,,,false,,2026-07-24T08:10,,,,,,2026-07-24T12:20,,Airbus A320,,,11A,WINDOW,BUSINESS,,,010409bb-46ef-4c91-81be-5861f19f5b18,0e7d613e-188c-4d20-95ee-ddc17c17de3d,f0a9abc1-65e8-4666-9c4f-e7c1849cae93,bfcacd0c-a4a4-4e83-ab7e-91135ad9f732,,63155468-7f9d-4f33-8e5d-c0bf2edd2987
2026-07-27,TAP,1692,FNC,LIS,,,1,,false,,2026-07-27T19:35,,,,,,2026-07-27T21:10,,Embraer 190,,,,,,,,c04e34d4-3099-457c-af6c-572e203ad8f9,9c42a4f8-f9ce-47ad-b1e7-4e47b334f4d0,bfcacd0c-a4a4-4e83-ab7e-91135ad9f732,f16c846f-6351-43af-8ae8-28df302e7c24,,fb807099-ea21-44f1-afb3-388faab25ae3
2026-07-28,TAP,860,LIS,VCE,1,,,,false,,2026-07-28T06:45,,,,,,2026-07-28T10:45,,Airbus A320neo,,,,,,,,97e279f0-48ac-4aec-a405-0d8b64df393e,9c42a4f8-f9ce-47ad-b1e7-4e47b334f4d0,f16c846f-6351-43af-8ae8-28df302e7c24,e184c2ae-d608-40a5-9337-894f4fc8286f,,fc3bd268-833c-40f4-a74c-9512dabcbe08
2026-08-02,RYR,793,VCE,STN,,,,,false,,2026-08-02T15:50,,,,,,2026-08-02T17:10,,Boeing 737-800,,,,,,,,8cdd8307-12ab-4b1d-a7d8-201c11906256,89ad0292-b411-46f2-a3ad-27896d1be60b,e184c2ae-d608-40a5-9337-894f4fc8286f,d96781d4-9fa4-4b33-b1e3-f2b4444740fa,,bfed5d53-9645-4ae2-aa8b-808123bd938b
2026-09-03,EZY,8341,LGW,NAP,N,,,,false,,2026-09-03T19:00,,,,,,2026-09-03T22:40,,Airbus A320,,,,,,,,7be514bb-c1ed-4373-b2a7-a7a13cf6d51e,c39d5ea4-a02f-45f5-bbbb-d3ef73b04aff,f0a9abc1-65e8-4666-9c4f-e7c1849cae93,bf1b680d-e40a-479e-b446-69e8f5efe76b,,63155468-7f9d-4f33-8e5d-c0bf2edd2987
2026-09-06,EZY,8342,NAP,LGW,,,N,,false,,2026-09-06T15:55,,,,,,2026-09-06T17:55,,Airbus A320,,,,,,,,0f6aed9f-4608-4190-ba2a-2c904fa00a18,c39d5ea4-a02f-45f5-bbbb-d3ef73b04aff,bf1b680d-e40a-479e-b446-69e8f5efe76b,f0a9abc1-65e8-4666-9c4f-e7c1849cae93,,63155468-7f9d-4f33-8e5d-c0bf2edd2987
2025-04-22,RCT,793,VCE,STN,,49,,,false,,2025-04-22T23:30,,,,,,2025-04-23T00:50,,,,,,,,,,,493dfa0e-97db-498b-89dc-f38793652b5e,e184c2ae-d608-40a5-9337-894f4fc8286f,d96781d4-9fa4-4b33-b1e3-f2b4444740fa,,
